gamma_true,gamma_hat
1.0,0.999982476234436
1.0,0.999987006187439
1.0,0.9999885559082031
1.0,0.9999874830245972
1.0,0.999984622001648
1.0,0.9999827146530151
1.0,0.9999885559082031
1.0,0.9999902248382568
1.0,0.9999923706054688
1.0,0.9999970197677612
1.0,0.9999954700469971
1.0,0.9999943971633911
1.0,0.9999890327453613
1.0,0.9999785423278809
1.0,0.9999291896820068
1.0,0.9997056126594543
1.0,0.9975939393043518
1.0,0.9987186193466187
1.0,0.937900960445404
1.0,0.999962568283081
1.0,0.9999794960021973
1.0,0.9999825954437256
1.0,0.9999837875366211
1.0,0.999984860420227
1.0,0.9999853372573853
1.0,0.9999904632568359
1.0,0.999995231628418
1.0,0.9999970197677612
1.0,0.9999964237213135
1.0,0.9999955892562866
1.0,0.9999939203262329
1.0,0.999990701675415
1.0,0.999981164932251
1.0,0.9999227523803711
1.0,0.9997106194496155
1.0,0.9988464117050171
1.0,0.9986775517463684
1.0,0.9808874130249023
1.0,0.9999561309814453
1.0,0.9999760389328003
1.0,0.9999790191650391
1.0,0.9999827146530151
1.0,0.9999843835830688
1.0,0.9999854564666748
1.0,0.999992847442627
1.0,0.9999960660934448
1.0,0.9999964237213135
1.0,0.9999963045120239
1.0,0.9999951124191284
1.0,0.9999933242797852
1.0,0.9999908208847046
1.0,0.9999792575836182
1.0,0.9999203681945801
1.0,0.9997181296348572
1.0,0.999531626701355
1.0,0.9985400438308716
1.0,0.9733288288116455
1.0,0.9999821186065674
1.0,0.9999864101409912
1.0,0.9999881982803345
1.0,0.9999868869781494
1.0,0.9999839067459106
1.0,0.9999830722808838
1.0,0.9999884366989136
1.0,0.9999901056289673
1.0,0.9999921321868896
1.0,0.9999966621398926
1.0,0.9999957084655762
1.0,0.9999945163726807
1.0,0.9999898672103882
1.0,0.999980092048645
1.0,0.9999374151229858
1.0,0.9997517466545105
1.0,0.9981093406677246
1.0,0.9988924860954285
1.0,0.9504469037055969
1.0,0.9999760389328003
1.0,0.9999780654907227
1.0,0.9999798536300659
1.0,0.9999740123748779
1.0,0.9999591112136841
1.0,0.9999691247940063
1.0,0.999971866607666
1.0,0.9999786615371704
1.0,0.9999797344207764
1.0,0.9999856948852539
1.0,0.9999886751174927
1.0,0.9999855756759644
1.0,0.9999841451644897
1.0,0.999966025352478
1.0,0.9998718500137329
1.0,0.9994800686836243
1.0,0.9971753358840942
1.0,0.9727450609207153
1.0,0.9548348784446716
1.0,0.9999657869338989
1.0,0.9999810457229614
1.0,0.9999842643737793
1.0,0.999984622001648
1.0,0.9999853372573853
1.0,0.9999850988388062
1.0,0.9999909400939941
1.0,0.9999948740005493
1.0,0.9999972581863403
1.0,0.999996542930603
1.0,0.9999958276748657
1.0,0.9999942779541016
1.0,0.9999909400939941
1.0,0.9999823570251465
1.0,0.9999271631240845
1.0,0.9997125267982483
1.0,0.9986506104469299
1.0,0.9987305998802185
1.0,0.9819003939628601
1.0,0.9999792575836182
1.0,0.9999833106994629
1.0,0.9999836683273315
1.0,0.9999803304672241
1.0,0.9999752044677734
1.0,0.9999784231185913
1.0,0.9999831914901733
1.0,0.999985933303833
1.0,0.9999879598617554
1.0,0.9999926090240479
1.0,0.9999936819076538
1.0,0.9999922513961792
1.0,0.9999886751174927
1.0,0.9999746084213257
1.0,0.9999167919158936
1.0,0.9996961355209351
1.0,0.9981282353401184
1.0,0.9819328188896179
1.0,0.9700868725776672
1.0,0.9999784231185913
1.0,0.9999815225601196
1.0,0.9999819993972778
1.0,0.9999775886535645
1.0,0.9999701976776123
1.0,0.9999755620956421
1.0,0.9999785423278809
1.0,0.9999831914901733
1.0,0.9999847412109375
1.0,0.9999897480010986
1.0,0.9999910593032837
1.0,0.9999896287918091
1.0,0.999985933303833
1.0,0.9999672174453735
1.0,0.9998791217803955
1.0,0.9995183944702148
1.0,0.9971455931663513
1.0,0.9704141020774841
1.0,0.954537570476532
1.0,0.9999755620956421
1.0,0.9999778270721436
1.0,0.9999792575836182
1.0,0.9999736547470093
1.0,0.9999591112136841
1.0,0.9999693632125854
1.0,0.9999722242355347
1.0,0.9999793767929077
1.0,0.9999805688858032
1.0,0.9999864101409912
1.0,0.9999897480010986
1.0,0.9999871253967285
1.0,0.999985933303833
1.0,0.9999713897705078
1.0,0.9998997449874878
1.0,0.9996083378791809
1.0,0.998035728931427
1.0,0.9814128875732422
1.0,0.9702388048171997
1.0,0.9999819993972778
1.0,0.9999856948852539
1.0,0.9999878406524658
1.0,0.9999854564666748
1.0,0.9999823570251465
1.0,0.9999830722808838
1.0,0.9999877214431763
1.0,0.9999891519546509
1.0,0.9999914169311523
1.0,0.9999960660934448
1.0,0.9999954700469971
1.0,0.9999940395355225
1.0,0.9999891519546509
1.0,0.999977707862854
1.0,0.9999305009841919
1.0,0.9997325539588928
1.0,0.9979104399681091
1.0,0.9978494644165039
1.0,0.9514699578285217
1.0,0.9999810457229614
1.0,0.999984860420227
1.0,0.9999867677688599
1.0,0.9999842643737793
1.0,0.9999805688858032
1.0,0.9999823570251465
1.0,0.999987006187439
1.0,0.9999887943267822
1.0,0.9999909400939941
1.0,0.9999953508377075
1.0,0.9999958276748657
1.0,0.9999942779541016
1.0,0.9999902248382568
1.0,0.999980092048645
1.0,0.999940037727356
1.0,0.9997813105583191
1.0,0.9984753727912903
1.0,0.9978650212287903
1.0,0.966608464717865
1.0,0.9999827146530151
1.0,0.9999877214431763
1.0,0.99998939037323
1.0,0.9999892711639404
1.0,0.9999865293502808
1.0,0.9999817609786987
1.0,0.9999890327453613
1.0,0.9999914169311523
1.0,0.9999933242797852
1.0,0.999997615814209
1.0,0.9999959468841553
1.0,0.9999947547912598
1.0,0.9999898672103882
1.0,0.9999803304672241
1.0,0.9999376535415649
1.0,0.9997203946113586
1.0,0.997859537601471
1.0,0.9988203644752502
1.0,0.9379534125328064
1.0,0.9999834299087524
1.0,0.9999887943267822
1.0,0.9999902248382568
1.0,0.9999911785125732
1.0,0.9999879598617554
1.0,0.9999814033508301
1.0,0.9999898672103882
1.0,0.9999921321868896
1.0,0.9999942779541016
1.0,0.9999980926513672
1.0,0.9999960660934448
1.0,0.9999943971633911
1.0,0.9999889135360718
1.0,0.9999784231185913
1.0,0.9999309778213501
1.0,0.9996315240859985
1.0,0.9970068335533142
1.0,0.9974964261054993
1.0,0.9216031432151794
1.0,0.999957799911499
1.0,0.999976634979248
1.0,0.9999793767929077
1.0,0.9999827146530151
1.0,0.9999843835830688
1.0,0.9999852180480957
1.0,0.999992847442627
1.0,0.9999960660934448
1.0,0.9999963045120239
1.0,0.9999961853027344
1.0,0.9999948740005493
1.0,0.9999929666519165
1.0,0.9999898672103882
1.0,0.9999769926071167
1.0,0.999908447265625
1.0,0.9996657371520996
1.0,0.9991599321365356
1.0,0.9984295964241028
1.0,0.9724473357200623
1.0,0.9999829530715942
1.0,0.9999879598617554
1.0,0.9999895095825195
1.0,0.99998939037323
1.0,0.9999865293502808
1.0,0.9999818801879883
1.0,0.9999890327453613
1.0,0.9999911785125732
1.0,0.9999933242797852
1.0,0.999997615814209
1.0,0.9999957084655762
1.0,0.9999945163726807
1.0,0.9999890327453613
1.0,0.9999783039093018
1.0,0.9999293088912964
1.0,0.9996752738952637
1.0,0.9973449110984802
1.0,0.9986613988876343
1.0,0.9211530089378357
1.0,0.9999798536300659
1.0,0.9999836683273315
1.0,0.9999842643737793
1.0,0.9999809265136719
1.0,0.9999759197235107
1.0,0.9999790191650391
1.0,0.9999836683273315
1.0,0.9999858140945435
1.0,0.9999877214431763
1.0,0.9999927282333374
1.0,0.9999934434890747
1.0,0.999991774559021
1.0,0.9999872446060181
1.0,0.9999709129333496
1.0,0.9998992681503296
1.0,0.9996178150177002
1.0,0.9974440336227417
1.0,0.9726521968841553
1.0,0.9577202796936035
1.0,0.9999804496765137
1.0,0.999988317489624
1.0,0.9999902248382568
1.0,0.9999910593032837
1.0,0.9999874830245972
1.0,0.9999806880950928
1.0,0.9999909400939941
1.0,0.9999935626983643
1.0,0.9999954700469971
1.0,0.9999982118606567
1.0,0.9999967813491821
1.0,0.9999947547912598
1.0,0.9999898672103882
1.0,0.9999828338623047
1.0,0.9999425411224365
1.0,0.9997009038925171
1.0,0.9975517392158508
1.0,0.9954892992973328
1.0,0.9474396705627441
1.0,0.9999827146530151
1.0,0.9999880790710449
1.0,0.9999896287918091
1.0,0.9999902248382568
1.0,0.9999874830245972
1.0,0.9999815225601196
1.0,0.9999895095825195
1.0,0.9999920129776001
1.0,0.9999938011169434
1.0,0.9999978542327881
1.0,0.9999963045120239
1.0,0.9999951124191284
1.0,0.999990701675415
1.0,0.9999822378158569
1.0,0.9999469518661499
1.0,0.9997571110725403
1.0,0.9982805252075195
1.0,0.9985278844833374
1.0,0.9509285688400269
1.0,0.9999791383743286
1.0,0.9999831914901733
1.0,0.999983549118042
1.0,0.999980092048645
1.0,0.9999749660491943
1.0,0.9999781847000122
1.0,0.9999828338623047
1.0,0.999985933303833
1.0,0.9999878406524658
1.0,0.9999924898147583
1.0,0.9999935626983643
1.0,0.9999922513961792
1.0,0.9999887943267822
1.0,0.9999748468399048
1.0,0.9999158382415771
1.0,0.9996955394744873
1.0,0.9981600642204285
1.0,0.981975257396698
1.0,0.9698717594146729
1.0,0.9999572038650513
1.0,0.9999765157699585
1.0,0.9999792575836182
1.0,0.9999827146530151
1.0,0.9999843835830688
1.0,0.9999853372573853
1.0,0.999992847442627
1.0,0.9999960660934448
1.0,0.9999964237213135
1.0,0.9999961853027344
1.0,0.9999949932098389
1.0,0.999993085861206
1.0,0.9999903440475464
1.0,0.999977707862854
1.0,0.999911904335022
1.0,0.999683141708374
1.0,0.9993385672569275
1.0,0.9984968900680542
1.0,0.9733784794807434
1.0,0.9999785423278809
1.0,0.9999827146530151
1.0,0.9999828338623047
1.0,0.9999791383743286
1.0,0.9999737739562988
1.0,0.9999772310256958
1.0,0.9999817609786987
1.0,0.9999855756759644
1.0,0.9999873638153076
1.0,0.9999918937683105
1.0,0.9999934434890747
1.0,0.9999922513961792
1.0,0.9999892711639404
1.0,0.999976396560669
1.0,0.9999233484268188
1.0,0.9997218251228333
1.0,0.9984478950500488
1.0,0.9849467277526855
1.0,0.9750702977180481
1.0,0.9999791383743286
1.0,0.9999879598617554
1.0,0.9999899864196777
1.0,0.9999898672103882
1.0,0.999987006187439
1.0,0.9999810457229614
1.0,0.9999908208847046
1.0,0.9999938011169434
1.0,0.9999959468841553
1.0,0.9999972581863403
1.0,0.9999967813491821
1.0,0.9999946355819702
1.0,0.9999901056289673
1.0,0.9999833106994629
1.0,0.9999417066574097
1.0,0.9996978044509888
1.0,0.9976078271865845
1.0,0.9961716532707214
1.0,0.9564750790596008
1.0,0.9999794960021973
1.0,0.9999834299087524
1.0,0.9999837875366211
1.0,0.9999802112579346
1.0,0.9999750852584839
1.0,0.9999784231185913
1.0,0.9999828338623047
1.0,0.9999853372573853
1.0,0.9999872446060181
1.0,0.9999922513961792
1.0,0.9999929666519165
1.0,0.9999914169311523
1.0,0.999987006187439
1.0,0.9999699592590332
1.0,0.9998941421508789
1.0,0.9996059536933899
1.0,0.9974290728569031
1.0,0.9722824692726135
1.0,0.9587080478668213
1.0,0.999977707862854
1.0,0.9999804496765137
1.0,0.999981164932251
1.0,0.999976396560669
1.0,0.9999673366546631
1.0,0.9999738931655884
1.0,0.9999769926071167
1.0,0.9999821186065674
1.0,0.9999841451644897
1.0,0.9999889135360718
1.0,0.9999909400939941
1.0,0.9999892711639404
1.0,0.9999866485595703
1.0,0.9999697208404541
1.0,0.9998897314071655
1.0,0.999565064907074
1.0,0.9976403713226318
1.0,0.9758424162864685
1.0,0.963171124458313
1.0,0.9999709129333496
1.0,0.999983549118042
1.0,0.9999860525131226
1.0,0.9999855756759644
1.0,0.999985933303833
1.0,0.999984622001648
1.0,0.9999911785125732
1.0,0.9999948740005493
1.0,0.9999972581863403
1.0,0.9999964237213135
1.0,0.9999957084655762
1.0,0.9999936819076538
1.0,0.9999889135360718
1.0,0.9999773502349854
1.0,0.9999011754989624
1.0,0.9995287656784058
1.0,0.997424840927124
1.0,0.9977097511291504
1.0,0.971067488193512
1.0,0.9999828338623047
1.0,0.9999885559082031
1.0,0.9999901056289673
1.0,0.9999910593032837
1.0,0.9999880790710449
1.0,0.9999817609786987
1.0,0.9999899864196777
1.0,0.9999926090240479
1.0,0.9999943971633911
1.0,0.9999980926513672
1.0,0.9999967813491821
1.0,0.9999957084655762
1.0,0.9999915361404419
1.0,0.9999837875366211
1.0,0.9999516010284424
1.0,0.9997568726539612
1.0,0.9981650710105896
1.0,0.9977413415908813
1.0,0.9535330533981323
1.0,0.9999549388885498
1.0,0.9999760389328003
1.0,0.9999788999557495
1.0,0.9999827146530151
1.0,0.9999845027923584
1.0,0.9999855756759644
1.0,0.999992847442627
1.0,0.9999960660934448
1.0,0.999996542930603
1.0,0.9999963045120239
1.0,0.999995231628418
1.0,0.9999935626983643
1.0,0.9999914169311523
1.0,0.9999821186065674
1.0,0.9999324083328247
1.0,0.999765932559967
1.0,0.9997252821922302
1.0,0.9987433552742004
1.0,0.9748467803001404
1.0,0.9999818801879883
1.0,0.9999855756759644
1.0,0.9999876022338867
1.0,0.9999852180480957
1.0,0.9999818801879883
1.0,0.9999829530715942
1.0,0.9999873638153076
1.0,0.9999889135360718
1.0,0.9999911785125732
1.0,0.9999958276748657
1.0,0.9999953508377075
1.0,0.9999938011169434
1.0,0.9999889135360718
1.0,0.9999769926071167
1.0,0.999927282333374
1.0,0.9997298121452332
1.0,0.9977496266365051
1.0,0.9969858527183533
1.0,0.9507243633270264
1.0,0.9999796152114868
1.0,0.9999881982803345
1.0,0.9999902248382568
1.0,0.9999903440475464
1.0,0.9999871253967285
1.0,0.9999808073043823
1.0,0.9999908208847046
1.0,0.9999936819076538
1.0,0.9999957084655762
1.0,0.9999983310699463
1.0,0.9999966621398926
1.0,0.9999945163726807
1.0,0.9999896287918091
1.0,0.9999822378158569
1.0,0.99993896484375
1.0,0.9996788501739502
1.0,0.997417688369751
1.0,0.9953529834747314
1.0,0.9485585689544678
1.0,0.9999802112579346
1.0,0.999988317489624
1.0,0.9999902248382568
1.0,0.9999908208847046
1.0,0.9999873638153076
1.0,0.9999806880950928
1.0,0.9999909400939941
1.0,0.9999935626983643
1.0,0.9999955892562866
1.0,0.9999982118606567
1.0,0.9999966621398926
1.0,0.9999946355819702
1.0,0.9999897480010986
1.0,0.999982476234436
1.0,0.999941349029541
1.0,0.99969482421875
1.0,0.9975398778915405
1.0,0.9952728152275085
1.0,0.9457183480262756
1.0,0.9999788999557495
1.0,0.9999878406524658
1.0,0.9999901056289673
1.0,0.99998939037323
1.0,0.9999871253967285
1.0,0.9999816417694092
1.0,0.999990701675415
1.0,0.9999938011169434
1.0,0.9999961853027344
1.0,0.9999969005584717
1.0,0.9999966621398926
1.0,0.9999939203262329
1.0,0.9999889135360718
1.0,0.9999805688858032
1.0,0.9999264478683472
1.0,0.9995988011360168
1.0,0.9967167973518372
1.0,0.9951090216636658
1.0,0.9464885592460632
1.0,0.9999831914901733
1.0,0.999988317489624
1.0,0.9999898672103882
1.0,0.9999899864196777
1.0,0.9999868869781494
1.0,0.9999816417694092
1.0,0.9999892711639404
1.0,0.9999914169311523
1.0,0.9999935626983643
1.0,0.9999977350234985
1.0,0.9999957084655762
1.0,0.999994158744812
1.0,0.9999884366989136
1.0,0.9999769926071167
1.0,0.9999220371246338
1.0,0.9996274709701538
1.0,0.996787428855896
1.0,0.9984197616577148
1.0,0.9119925498962402
1.0,0.9999830722808838
1.0,0.999988317489624
1.0,0.9999898672103882
1.0,0.9999902248382568
1.0,0.9999871253967285
1.0,0.9999815225601196
1.0,0.99998939037323
1.0,0.9999915361404419
1.0,0.9999936819076538
1.0,0.9999977350234985
1.0,0.9999958276748657
1.0,0.9999943971633911
1.0,0.9999891519546509
1.0,0.9999784231185913
1.0,0.9999293088912964
1.0,0.9996564388275146
1.0,0.9972033500671387
1.0,0.9984869956970215
1.0,0.9206237196922302
1.0,0.9999665021896362
1.0,0.9999812841415405
1.0,0.9999842643737793
1.0,0.999984622001648
1.0,0.9999853372573853
1.0,0.9999849796295166
1.0,0.9999909400939941
1.0,0.9999949932098389
1.0,0.9999971389770508
1.0,0.9999964237213135
1.0,0.9999955892562866
1.0,0.9999938011169434
1.0,0.9999898672103882
1.0,0.9999790191650391
1.0,0.999911904335022
1.0,0.9996417760848999
1.0,0.9982144832611084
1.0,0.9984109401702881
1.0,0.9775724411010742
1.0,0.9999831914901733
1.0,0.999988317489624
1.0,0.9999898672103882
1.0,0.9999901056289673
1.0,0.999987006187439
1.0,0.9999815225601196
1.0,0.9999892711639404
1.0,0.9999914169311523
1.0,0.9999935626983643
1.0,0.9999977350234985
1.0,0.9999957084655762
1.0,0.9999942779541016
1.0,0.9999885559082031
1.0,0.9999772310256958
1.0,0.9999229907989502
1.0,0.9996190071105957
1.0,0.9968138337135315
1.0,0.998415470123291
1.0,0.9116039872169495
1.0,0.9999819993972778
1.0,0.999985933303833
1.0,0.9999879598617554
1.0,0.9999860525131226
1.0,0.9999829530715942
1.0,0.9999830722808838
1.0,0.9999880790710449
1.0,0.9999896287918091
1.0,0.9999916553497314
1.0,0.9999963045120239
1.0,0.9999955892562866
1.0,0.9999942779541016
1.0,0.9999895095825195
1.0,0.9999790191650391
1.0,0.9999338388442993
1.0,0.9997406601905823
1.0,0.997961163520813
1.0,0.9985326528549194
1.0,0.9505056738853455
1.0,0.9999769926071167
1.0,0.9999796152114868
1.0,0.9999804496765137
1.0,0.9999755620956421
1.0,0.9999654293060303
1.0,0.999972939491272
1.0,0.9999760389328003
1.0,0.9999819993972778
1.0,0.9999841451644897
1.0,0.9999887943267822
1.0,0.9999916553497314
1.0,0.9999898672103882
1.0,0.9999879598617554
1.0,0.9999744892120361
1.0,0.9999128580093384
1.0,0.9996719360351562
1.0,0.998333752155304
1.0,0.9840027689933777
1.0,0.975077211856842
1.0,0.9999803304672241
1.0,0.9999841451644897
1.0,0.9999854564666748
1.0,0.9999825954437256
1.0,0.9999781847000122
1.0,0.9999805688858032
1.0,0.9999855756759644
1.0,0.9999874830245972
1.0,0.9999896287918091
1.0,0.9999942779541016
1.0,0.9999948740005493
1.0,0.9999933242797852
1.0,0.99998939037323
1.0,0.9999771118164062
1.0,0.9999277591705322
1.0,0.9997356534004211
1.0,0.9982142448425293
1.0,0.9908041954040527
1.0,0.9676071405410767
1.0,0.9999822378158569
1.0,0.9999868869781494
1.0,0.9999885559082031
1.0,0.9999874830245972
1.0,0.9999847412109375
1.0,0.9999827146530151
1.0,0.9999885559082031
1.0,0.9999903440475464
1.0,0.9999924898147583
1.0,0.9999970197677612
1.0,0.9999957084655762
1.0,0.9999946355819702
1.0,0.9999898672103882
1.0,0.9999803304672241
1.0,0.9999370574951172
1.0,0.999747097492218
1.0,0.9980528354644775
1.0,0.9989252686500549
1.0,0.9470444321632385
1.0,0.9999769926071167
1.0,0.9999792575836182
1.0,0.9999804496765137
1.0,0.9999750852584839
1.0,0.9999632835388184
1.0,0.9999717473983765
1.0,0.9999744892120361
1.0,0.9999805688858032
1.0,0.9999821186065674
1.0,0.9999874830245972
1.0,0.9999899864196777
1.0,0.9999877214431763
1.0,0.9999855756759644
1.0,0.9999685287475586
1.0,0.9998854398727417
1.0,0.9995473027229309
1.0,0.9974844455718994
1.0,0.9756524562835693
1.0,0.9602749943733215
1.0,0.9999822378158569
1.0,0.9999860525131226
1.0,0.9999879598617554
1.0,0.9999860525131226
0.800000011920929,0.8038824200630188
0.800000011920929,0.803083062171936
0.800000011920929,0.7993118166923523
0.800000011920929,0.7936318516731262
0.800000011920929,0.7895268797874451
0.800000011920929,0.7991851568222046
0.800000011920929,0.7959296107292175
0.800000011920929,0.7949058413505554
0.800000011920929,0.7980800271034241
0.800000011920929,0.7950699329376221
0.800000011920929,0.7917497754096985
0.800000011920929,0.7841180562973022
0.800000011920929,0.7774194478988647
0.800000011920929,0.7976126074790955
0.800000011920929,0.7789654731750488
1.0,0.9999769926071167
1.0,0.9999794960021973
1.0,0.9999804496765137
0.800000011920929,0.8158981800079346
0.800000011920929,0.8099011778831482
0.800000011920929,0.8088077902793884
0.800000011920929,0.8059212565422058
0.800000011920929,0.8064733743667603
0.800000011920929,0.8106616139411926
0.800000011920929,0.8049262166023254
0.800000011920929,0.7963303923606873
0.800000011920929,0.7924185991287231
0.800000011920929,0.7935193181037903
0.800000011920929,0.7931019067764282
0.800000011920929,0.784611165523529
0.800000011920929,0.777265727519989
0.800000011920929,0.7715984582901001
0.800000011920929,0.7637069225311279
0.800000011920929,0.7665380835533142
1.0,0.99997878074646
1.0,0.9999829530715942
1.0,0.9999830722808838
1.0,0.9999794960021973
0.800000011920929,0.8061044216156006
0.800000011920929,0.8063724040985107
0.800000011920929,0.8040071129798889
0.800000011920929,0.7995035648345947
0.800000011920929,0.8079215884208679
0.800000011920929,0.8036332130432129
0.800000011920929,0.7964954376220703
0.800000011920929,0.7939006090164185
0.800000011920929,0.7957980036735535
0.800000011920929,0.7952420115470886
0.800000011920929,0.7885999083518982
0.800000011920929,0.7813575863838196
0.800000011920929,0.775965690612793
0.800000011920929,0.769936740398407
0.800000011920929,0.7788223028182983
1.0,0.9999809265136719
1.0,0.9999885559082031
1.0,0.9999903440475464
1.0,0.9999911785125732
0.800000011920929,0.8205851912498474
0.800000011920929,0.7979942560195923
0.800000011920929,0.7928857207298279
0.800000011920929,0.7868160605430603
0.800000011920929,0.7822631001472473
0.800000011920929,0.7903620004653931
0.800000011920929,0.7964282035827637
0.800000011920929,0.7995821237564087
0.800000011920929,0.8018284440040588
0.800000011920929,0.8008889555931091
0.800000011920929,0.7964505553245544
0.800000011920929,0.7910491824150085
0.800000011920929,0.78501957654953
0.800000011920929,0.794773280620575
0.800000011920929,0.7793731689453125
1.0,0.999954104423523
1.0,0.9999755620956421
1.0,0.9999786615371704
1.0,0.9999825954437256
0.800000011920929,0.7536683082580566
0.800000011920929,0.7795813679695129
0.800000011920929,0.7821553945541382
0.800000011920929,0.7771131992340088
0.800000011920929,0.7763240337371826
0.800000011920929,0.7761129140853882
0.800000011920929,0.7964047789573669
0.800000011920929,0.8037925362586975
0.800000011920929,0.8088511824607849
0.800000011920929,0.8089883327484131
0.800000011920929,0.8072500228881836
0.800000011920929,0.8035880327224731
0.800000011920929,0.8199337720870972
0.800000011920929,0.8117256760597229
0.800000011920929,0.7968392372131348
1.0,0.9999796152114868
1.0,0.999983549118042
1.0,0.9999840259552002
1.0,0.9999808073043823
0.800000011920929,0.8126272559165955
0.800000011920929,0.8063746094703674
0.800000011920929,0.8025976419448853
0.800000011920929,0.7977968454360962
0.800000011920929,0.7999329566955566
0.800000011920929,0.8022556900978088
0.800000011920929,0.796105146408081
0.800000011920929,0.793114423751831
0.800000011920929,0.7949091792106628
0.800000011920929,0.7931828498840332
0.800000011920929,0.7875478267669678
0.800000011920929,0.7804093956947327
0.800000011920929,0.7742272019386292
0.800000011920929,0.7659485340118408
0.800000011920929,0.7778149247169495
1.0,0.9999814033508301
1.0,0.9999852180480957
1.0,0.9999871253967285
1.0,0.999984622001648
0.800000011920929,0.7965226769447327
0.800000011920929,0.8040050864219666
0.800000011920929,0.8006382584571838
0.800000011920929,0.7952958345413208
0.800000011920929,0.7923986911773682
0.800000011920929,0.8004121780395508
0.800000011920929,0.7965274453163147
0.800000011920929,0.7950217127799988
0.800000011920929,0.7982816696166992
0.800000011920929,0.7954736948013306
0.800000011920929,0.791832685470581
0.800000011920929,0.7849578261375427
0.800000011920929,0.7776970863342285
0.800000011920929,0.7910521626472473
0.800000011920929,0.7804025411605835
1.0,0.9999606609344482
1.0,0.9999786615371704
1.0,0.9999817609786987
0.800000011920929,0.7780529856681824
0.800000011920929,0.7918863892555237
0.800000011920929,0.7902240753173828
0.800000011920929,0.7863904237747192
0.800000011920929,0.7798070907592773
0.800000011920929,0.778100848197937
0.800000011920929,0.7829957604408264
0.800000011920929,0.8001468777656555
0.800000011920929,0.8041350245475769
0.800000011920929,0.8087843656539917
0.800000011920929,0.8084185719490051
0.800000011920929,0.8063967227935791
0.800000011920929,0.8023620843887329
0.800000011920929,0.8040527701377869
0.800000011920929,0.8104842901229858
0.800000011920929,0.7942887544631958
1.0,0.9999829530715942
1.0,0.9999879598617554
1.0,0.9999895095825195
0.800000011920929,0.8067924976348877
0.800000011920929,0.8019670248031616
0.800000011920929,0.8019945025444031
0.800000011920929,0.7982587814331055
0.800000011920929,0.7923197746276855
0.800000011920929,0.7883473038673401
0.800000011920929,0.7982425689697266
0.800000011920929,0.7956693172454834
0.800000011920929,0.7962450981140137
0.800000011920929,0.798462450504303
0.800000011920929,0.796549916267395
0.800000011920929,0.7932339310646057
0.800000011920929,0.7850350141525269
0.800000011920929,0.7794733643531799
0.800000011920929,0.8056145906448364
0.800000011920929,0.7776339650154114
1.0,0.9999817609786987
1.0,0.9999889135360718
1.0,0.9999905824661255
1.0,0.9999915361404419
0.800000011920929,0.798153281211853
0.800000011920929,0.7973528504371643
0.800000011920929,0.7933316826820374
0.800000011920929,0.7870965600013733
0.800000011920929,0.7822636365890503
0.800000011920929,0.792059063911438
0.800000011920929,0.7958253622055054
0.800000011920929,0.7981734871864319
0.800000011920929,0.7993651032447815
0.800000011920929,0.7978743314743042
0.800000011920929,0.7931048274040222
0.800000011920929,0.787348747253418
0.800000011920929,0.781227171421051
0.800000011920929,0.7931774258613586
0.800000011920929,0.7766952514648438
1.0,0.9999678134918213
1.0,0.9999819993972778
1.0,0.999984622001648
0.800000011920929,0.7884176969528198
0.800000011920929,0.793331503868103
0.800000011920929,0.791914165019989
0.800000011920929,0.7876741886138916
0.800000011920929,0.781067430973053
0.800000011920929,0.778866171836853
0.800000011920929,0.7864446640014648
0.800000011920929,0.8000491857528687
0.800000011920929,0.8022743463516235
0.800000011920929,0.8063539266586304
0.800000011920929,0.8057102560997009
0.800000011920929,0.8034387826919556
0.800000011920929,0.7991185784339905
0.800000011920929,0.794926643371582
0.800000011920929,0.8072115182876587
0.800000011920929,0.7908526659011841
1.0,0.9999828338623047
1.0,0.9999885559082031
1.0,0.9999901056289673
0.800000011920929,0.8083088994026184
0.800000011920929,0.8025125861167908
0.800000011920929,0.8006242513656616
0.800000011920929,0.7967679500579834
0.800000011920929,0.7902123928070068
0.800000011920929,0.786172091960907
0.800000011920929,0.7980021238327026
0.800000011920929,0.7974263429641724
0.800000011920929,0.7994283437728882
0.800000011920929,0.8028173446655273
0.800000011920929,0.8013924360275269
0.800000011920929,0.7976388931274414
0.800000011920929,0.7902775406837463
0.800000011920929,0.7845300436019897
0.800000011920929,0.8004245758056641
0.800000011920929,0.7806915044784546
1.0,0.9999775886535645
1.0,0.999987006187439
1.0,0.9999897480010986
1.0,0.9999885559082031
0.800000011920929,0.7942769527435303
0.800000011920929,0.795146644115448
0.800000011920929,0.7909260988235474
0.800000011920929,0.7844898700714111
0.800000011920929,0.780470073223114
0.800000011920929,0.7902112007141113
0.800000011920929,0.798298180103302
0.800000011920929,0.8014676570892334
0.800000011920929,0.8050568699836731
0.800000011920929,0.8034151792526245
0.800000011920929,0.8008053302764893
0.800000011920929,0.7949908375740051
0.800000011920929,0.789892315864563
0.800000011920929,0.7998968362808228
0.800000011920929,0.7833867073059082
1.0,0.9999774694442749
1.0,0.9999797344207764
1.0,0.9999808073043823
0.800000011920929,0.7802488803863525
0.800000011920929,0.8075883388519287
0.800000011920929,0.808085024356842
0.800000011920929,0.8056004047393799
0.800000011920929,0.8030291795730591
0.800000011920929,0.8101755380630493
0.800000011920929,0.8044592142105103
0.800000011920929,0.7958140969276428
0.800000011920929,0.7915395498275757
0.800000011920929,0.7916852235794067
0.800000011920929,0.7904500961303711
0.800000011920929,0.7819281220436096
0.800000011920929,0.7737460732460022
0.800000011920929,0.768340528011322
0.800000011920929,0.7554260492324829
0.800000011920929,0.7549850940704346
1.0,0.9999781847000122
1.0,0.9999873638153076
1.0,0.9999897480010986
1.0,0.9999891519546509
0.800000011920929,0.8016269207000732
0.800000011920929,0.7957636713981628
0.800000011920929,0.7909688949584961
0.800000011920929,0.7850762009620667
0.800000011920929,0.7810221314430237
0.800000011920929,0.7871766090393066
0.800000011920929,0.7979488372802734
0.800000011920929,0.8017265796661377
0.800000011920929,0.8061246275901794
0.800000011920929,0.804345428943634
0.800000011920929,0.8013255000114441
0.800000011920929,0.7960798740386963
0.800000011920929,0.7907368540763855
0.800000011920929,0.8006250262260437
0.800000011920929,0.7834746837615967
1.0,0.9999825954437256
1.0,0.9999889135360718
1.0,0.9999903440475464
1.0,0.9999912977218628
0.800000011920929,0.7988944053649902
0.800000011920929,0.7988124489784241
0.800000011920929,0.79515540599823
0.800000011920929,0.7888199687004089
0.800000011920929,0.7838853597640991
0.800000011920929,0.7964707016944885
0.800000011920929,0.797508955001831
0.800000011920929,0.7997651100158691
0.800000011920929,0.8037808537483215
0.800000011920929,0.8031564950942993
0.800000011920929,0.7991943955421448
0.800000011920929,0.7913001775741577
0.800000011920929,0.7842703461647034
0.800000011920929,0.7980862259864807
0.800000011920929,0.7785601019859314
1.0,0.9999756813049316
1.0,0.9999860525131226
1.0,0.9999892711639404
0.800000011920929,0.8035917282104492
0.800000011920929,0.7977632284164429
0.800000011920929,0.7955636978149414
0.800000011920929,0.7911559343338013
0.800000011920929,0.784647524356842
0.800000011920929,0.7806634306907654
0.800000011920929,0.7935304045677185
0.800000011920929,0.8001635074615479
0.800000011920929,0.8036743402481079
0.800000011920929,0.807679295539856
0.800000011920929,0.8064384460449219
0.800000011920929,0.8042894601821899
0.800000011920929,0.7989605665206909
0.800000011920929,0.7940528988838196
0.800000011920929,0.8046882748603821
0.800000011920929,0.7872223854064941
1.0,0.9999665021896362
1.0,0.9999814033508301
1.0,0.999984622001648
1.0,0.9999847412109375
0.800000011920929,0.7682538032531738
0.800000011920929,0.7900765538215637
0.800000011920929,0.7871391177177429
0.800000011920929,0.7809553146362305
0.800000011920929,0.7784119844436646
0.800000011920929,0.7818911075592041
0.800000011920929,0.7999753355979919
0.800000011920929,0.8035721182823181
0.800000011920929,0.808193027973175
0.800000011920929,0.808076798915863
0.800000011920929,0.8058066964149475
0.800000011920929,0.8014353513717651
0.800000011920929,0.7981609106063843
0.800000011920929,0.8101423978805542
0.800000011920929,0.7931675910949707
1.0,0.9999791383743286
1.0,0.9999831914901733
1.0,0.999983549118042
1.0,0.999980092048645
0.800000011920929,0.8061107993125916
0.800000011920929,0.8061643242835999
0.800000011920929,0.8037483096122742
0.800000011920929,0.7991557717323303
0.800000011920929,0.8072441816329956
0.800000011920929,0.8033969402313232
0.800000011920929,0.7964386343955994
0.800000011920929,0.7937663793563843
0.800000011920929,0.7957620620727539
0.800000011920929,0.7948260307312012
0.800000011920929,0.7884600162506104
0.800000011920929,0.7813743352890015
0.800000011920929,0.7756747007369995
0.800000011920929,0.7700495719909668
0.800000011920929,0.7789580225944519
1.0,0.9999804496765137
1.0,0.9999841451644897
1.0,0.9999858140945435
0.800000011920929,0.8077147006988525
0.800000011920929,0.8055458664894104
0.800000011920929,0.805823028087616
0.800000011920929,0.8029015064239502
0.800000011920929,0.7981418371200562
0.800000011920929,0.8057907223701477
0.800000011920929,0.802585244178772
0.800000011920929,0.7970328330993652
0.800000011920929,0.7953612804412842
0.800000011920929,0.798322856426239
0.800000011920929,0.7967818975448608
0.800000011920929,0.7919454574584961
0.800000011920929,0.785524845123291
0.800000011920929,0.7791921496391296
0.800000011920929,0.7856621742248535
0.800000011920929,0.7819297313690186
1.0,0.9999791383743286
1.0,0.9999829530715942
1.0,0.9999830722808838
0.800000011920929,0.688666820526123
0.800000011920929,0.8049178719520569
0.800000011920929,0.8066633939743042
0.800000011920929,0.8042891025543213
0.800000011920929,0.7997059226036072
0.800000011920929,0.8081845641136169
0.800000011920929,0.8032727837562561
0.800000011920929,0.7954580783843994
0.800000011920929,0.7916366457939148
0.800000011920929,0.7926898002624512
0.800000011920929,0.7913103103637695
0.800000011920929,0.7836095690727234
0.800000011920929,0.776190996170044
0.800000011920929,0.7708616852760315
0.800000011920929,0.7577533721923828
0.800000011920929,0.7671440243721008
1.0,0.9999834299087524
1.0,0.9999887943267822
1.0,0.9999903440475464
1.0,0.9999911785125732
0.800000011920929,0.7848809361457825
0.800000011920929,0.7990906834602356
0.800000011920929,0.7955069541931152
0.800000011920929,0.7892267107963562
0.800000011920929,0.7842178344726562
0.800000011920929,0.7957335710525513
0.800000011920929,0.7956773042678833
0.800000011920929,0.7966556549072266
0.800000011920929,0.7985724806785583
0.800000011920929,0.797225296497345
0.800000011920929,0.792912483215332
0.800000011920929,0.7863407135009766
0.800000011920929,0.7806083559989929
0.800000011920929,0.8005943298339844
0.800000011920929,0.7773650884628296
1.0,0.999976396560669
1.0,0.99997878074646
1.0,0.9999799728393555
0.800000011920929,0.7805492877960205
0.800000011920929,0.8080224394798279
0.800000011920929,0.8083536028862
0.800000011920929,0.8058715462684631
0.800000011920929,0.8045287132263184
0.800000011920929,0.8106800317764282
0.800000011920929,0.8049696683883667
0.800000011920929,0.7964292168617249
0.800000011920929,0.7921051979064941
0.800000011920929,0.7927766442298889
0.800000011920929,0.7918789982795715
0.800000011920929,0.7835327982902527
0.800000011920929,0.7757909297943115
0.800000011920929,0.7704368829727173
0.800000011920929,0.7608705163002014
0.800000011920929,0.7618507146835327
1.0,0.9999827146530151
1.0,0.9999874830245972
1.0,0.9999889135360718
0.800000011920929,0.8137670159339905
0.800000011920929,0.8054055571556091
0.800000011920929,0.8030979037284851
0.800000011920929,0.7995180487632751
0.800000011920929,0.7939427495002747
0.800000011920929,0.791610062122345
0.800000011920929,0.7991763353347778
0.800000011920929,0.7955027222633362
0.800000011920929,0.7953625917434692
0.800000011920929,0.7978449463844299
0.800000011920929,0.7954016327857971
0.800000011920929,0.7917892336845398
0.800000011920929,0.7835581302642822
0.800000011920929,0.7773220539093018
0.800000011920929,0.8033138513565063
0.800000011920929,0.7771497964859009
1.0,0.99997878074646
1.0,0.9999828338623047
1.0,0.9999829530715942
1.0,0.9999792575836182
0.800000011920929,0.808031439781189
0.800000011920929,0.8070104122161865
0.800000011920929,0.8034828305244446
0.800000011920929,0.7988797426223755
0.800000011920929,0.8053821921348572
0.800000011920929,0.8032207489013672
0.800000011920929,0.7962434887886047
0.800000011920929,0.7932177782058716
0.800000011920929,0.7948669195175171
0.800000011920929,0.7940306067466736
0.800000011920929,0.7874326109886169
0.800000011920929,0.7800896167755127
0.800000011920929,0.7747662663459778
0.800000011920929,0.7661110758781433
0.800000011920929,0.7771719694137573
1.0,0.9999761581420898
1.0,0.9999864101409912
1.0,0.9999892711639404
1.0,0.9999878406524658
0.800000011920929,0.7902691960334778
0.800000011920929,0.7924422025680542
0.800000011920929,0.7892067432403564
0.800000011920929,0.7830836772918701
0.800000011920929,0.7794635891914368
0.800000011920929,0.7838447690010071
0.800000011920929,0.7980160117149353
0.800000011920929,0.801516056060791
0.800000011920929,0.8046765327453613
0.800000011920929,0.8032790422439575
0.800000011920929,0.8010051846504211
0.800000011920929,0.7960693836212158
0.800000011920929,0.790907621383667
0.800000011920929,0.8011607527732849
0.800000011920929,0.7849600911140442
1.0,0.9999819993972778
1.0,0.9999865293502808
1.0,0.999988317489624
0.800000011920929,0.7750660181045532
0.800000011920929,0.8013865351676941
0.800000011920929,0.8029764294624329
0.800000011920929,0.7997843027114868
0.800000011920929,0.7943065762519836
0.800000011920929,0.7916902303695679
0.800000011920929,0.7998003959655762
0.800000011920929,0.796744704246521
0.800000011920929,0.7970250248908997
0.800000011920929,0.8007274270057678
0.800000011920929,0.7981956601142883
0.800000011920929,0.7950658798217773
0.800000011920929,0.7878058552742004
0.800000011920929,0.781105101108551
0.800000011920929,0.80778968334198
0.800000011920929,0.7806537747383118
1.0,0.9999817609786987
1.0,0.9999853372573853
1.0,0.999987006187439
1.0,0.999984622001648
0.800000011920929,0.8094198703765869
0.800000011920929,0.8044189810752869
0.800000011920929,0.8002726435661316
0.800000011920929,0.794813334941864
0.800000011920929,0.7909629940986633
0.800000011920929,0.7998157739639282
0.800000011920929,0.7954859137535095
0.800000011920929,0.7932085394859314
0.800000011920929,0.7956491112709045
0.800000011920929,0.7924351692199707
0.800000011920929,0.788027822971344
0.800000011920929,0.781189501285553
0.800000011920929,0.7739068269729614
0.800000011920929,0.7776827812194824
0.800000011920929,0.7771220803260803
1.0,0.9999760389328003
1.0,0.9999780654907227
1.0,0.9999798536300659
1.0,0.9999740123748779
0.800000011920929,0.8068749904632568
0.800000011920929,0.8090890049934387
0.800000011920929,0.8055272698402405
0.800000011920929,0.8018338084220886
0.800000011920929,0.8101012110710144
0.800000011920929,0.8046485185623169
0.800000011920929,0.7962531447410583
0.800000011920929,0.7915034294128418
0.800000011920929,0.7910919785499573
0.800000011920929,0.7897060513496399
0.800000011920929,0.7812040448188782
0.800000011920929,0.7732458114624023
0.800000011920929,0.767301619052887
0.800000011920929,0.7540691494941711
0.800000011920929,0.7506089210510254
1.0,0.9999803304672241
1.0,0.9999884366989136
1.0,0.9999904632568359
1.0,0.9999909400939941
0.800000011920929,0.7936875820159912
0.800000011920929,0.7964866757392883
0.800000011920929,0.7925717830657959
0.800000011920929,0.7864569425582886
0.800000011920929,0.7819443345069885
0.800000011920929,0.7905391454696655
0.800000011920929,0.7964205145835876
0.800000011920929,0.7993526458740234
0.800000011920929,0.8016156554222107
0.800000011920929,0.8005360960960388
0.800000011920929,0.7962755560874939
0.800000011920929,0.7905393838882446
0.800000011920929,0.7848402261734009
0.800000011920929,0.794338583946228
0.800000011920929,0.7788049578666687
1.0,0.9999816417694092
1.0,0.9999853372573853
1.0,0.999987006187439
1.0,0.9999845027923584
0.800000011920929,0.7985999584197998
0.800000011920929,0.8040773868560791
0.800000011920929,0.801030695438385
0.800000011920929,0.7957687377929688
0.800000011920929,0.7941016554832458
0.800000011920929,0.8005415201187134
0.800000011920929,0.7959052920341492
0.800000011920929,0.793812096118927
0.800000011920929,0.7964577674865723
0.800000011920929,0.7935446500778198
0.800000011920929,0.7891939282417297
0.800000011920929,0.7825831770896912
0.800000011920929,0.775286078453064
0.800000011920929,0.7815665602684021
0.800000011920929,0.7782267928123474
1.0,0.9999594688415527
1.0,0.9999778270721436
1.0,0.999980092048645
0.800000011920929,0.7990944385528564
0.800000011920929,0.7924752235412598
0.800000011920929,0.7890216112136841
0.800000011920929,0.7856026291847229
0.800000011920929,0.7784222364425659
0.800000011920929,0.7776899337768555
0.800000011920929,0.781959056854248
0.800000011920929,0.798629641532898
0.800000011920929,0.8023954629898071
0.800000011920929,0.8066132068634033
0.800000011920929,0.8060680031776428
0.800000011920929,0.8038353323936462
0.800000011920929,0.7997816801071167
0.800000011920929,0.8007241487503052
0.800000011920929,0.8086483478546143
0.800000011920929,0.7927525639533997
1.0,0.9999721050262451
1.0,0.9999841451644897
1.0,0.999987006187439
0.800000011920929,0.788763165473938
0.800000011920929,0.7944747805595398
0.800000011920929,0.7935884594917297
0.800000011920929,0.7891305685043335
0.800000011920929,0.7825532555580139
0.800000011920929,0.779662013053894
0.800000011920929,0.789839506149292
0.800000011920929,0.8000839352607727
0.800000011920929,0.8029062747955322
0.800000011920929,0.8066352605819702
0.800000011920929,0.8058601021766663
0.800000011920929,0.8037762641906738
0.800000011920929,0.7991037368774414
0.800000011920929,0.7947269082069397
0.800000011920929,0.8055877685546875
0.800000011920929,0.7900644540786743
1.0,0.9999823570251465
1.0,0.9999872446060181
1.0,0.9999889135360718
0.800000011920929,0.8113085031509399
0.800000011920929,0.8049548268318176
0.800000011920929,0.802956759929657
0.800000011920929,0.7993898987770081
0.800000011920929,0.7938136458396912
0.800000011920929,0.7914650440216064
0.800000011920929,0.7994219660758972
0.800000011920929,0.7965919375419617
0.800000011920929,0.7973400354385376
0.800000011920929,0.8007703423500061
0.800000011920929,0.798693060874939
0.800000011920929,0.7956761717796326
0.800000011920929,0.7876676321029663
0.800000011920929,0.782037615776062
0.800000011920929,0.8081881403923035
0.800000011920929,0.7802488207817078
1.0,0.9999808073043823
1.0,0.9999885559082031
1.0,0.9999904632568359
0.800000011920929,0.8063135743141174
0.800000011920929,0.8008586764335632
0.800000011920929,0.7987828254699707
0.800000011920929,0.7946000695228577
0.800000011920929,0.7880910038948059
0.800000011920929,0.783470869064331
0.800000011920929,0.7960276007652283
0.800000011920929,0.7973989248275757
0.800000011920929,0.7997395992279053
0.800000011920929,0.8011634945869446
0.800000011920929,0.8002648949623108
0.800000011920929,0.7954134345054626
0.800000011920929,0.7897650599479675
0.800000011920929,0.7837141156196594
0.800000011920929,0.7938601970672607
0.800000011920929,0.7783955931663513
1.0,0.9999829530715942
1.0,0.9999887943267822
1.0,0.9999903440475464
1.0,0.9999912977218628
0.800000011920929,0.7827679514884949
0.800000011920929,0.798433244228363
0.800000011920929,0.7948110699653625
0.800000011920929,0.7886804342269897
0.800000011920929,0.7835712432861328
0.800000011920929,0.7955881357192993
0.800000011920929,0.7969921231269836
0.800000011920929,0.7988502979278564
0.800000011920929,0.8026574850082397
0.800000011920929,0.8018510341644287
0.800000011920929,0.798409640789032
0.800000011920929,0.7907465100288391
0.800000011920929,0.7840844392776489
0.800000011920929,0.8000847101211548
0.800000011920929,0.779591977596283
1.0,0.9999825954437256
1.0,0.9999874830245972
1.0,0.9999891519546509
1.0,0.9999887943267822
0.800000011920929,0.8089979290962219
0.800000011920929,0.8015404343605042
0.800000011920929,0.7970865964889526
0.800000011920929,0.7910969257354736
0.800000011920929,0.7863894104957581
0.800000011920929,0.7968751192092896
0.800000011920929,0.7963011264801025
0.800000011920929,0.7965982556343079
0.800000011920929,0.7994420528411865
0.800000011920929,0.7976831197738647
0.800000011920929,0.7950007915496826
0.800000011920929,0.7868503928184509
0.800000011920929,0.7815059423446655
0.800000011920929,0.8074550628662109
0.800000011920929,0.7794851660728455
1.0,0.9999781847000122
1.0,0.9999814033508301
1.0,0.9999818801879883
1.0,0.9999774694442749
0.800000011920929,0.8097139596939087
0.800000011920929,0.8077484369277954
0.800000011920929,0.8041470050811768
0.800000011920929,0.7995985150337219
0.800000011920929,0.8075076937675476
0.800000011920929,0.8037161231040955
0.800000011920929,0.7960478067398071
0.800000011920929,0.7922159433364868
0.800000011920929,0.7932643890380859
0.800000011920929,0.792239248752594
0.800000011920929,0.7847708463668823
0.800000011920929,0.777040421962738
0.800000011920929,0.7717887759208679
0.800000011920929,0.7604268789291382
0.800000011920929,0.7684429287910461
1.0,0.9999774694442749
1.0,0.9999808073043823
1.0,0.9999812841415405
1.0,0.9999768733978271
0.800000011920929,0.8067795634269714
0.800000011920929,0.8079271912574768
0.800000011920929,0.8044598698616028
0.800000011920929,0.8000842332839966
0.800000011920929,0.8085460066795349
0.800000011920929,0.804225742816925
0.800000011920929,0.7966153621673584
0.800000011920929,0.7933552265167236
0.800000011920929,0.7947617173194885
0.800000011920929,0.7947931289672852
0.800000011920929,0.7873473167419434
0.800000011920929,0.7799267172813416
0.800000011920929,0.7747571468353271
0.800000011920929,0.76776522397995
0.800000011920929,0.7757624387741089
1.0,0.9999783039093018
1.0,0.9999817609786987
1.0,0.9999821186065674
1.0,0.9999778270721436
0.800000011920929,0.7999411821365356
0.800000011920929,0.8075994253158569
0.800000011920929,0.8042301535606384
0.800000011920929,0.7996842861175537
0.800000011920929,0.8079095482826233
0.800000011920929,0.8036990761756897
0.800000011920929,0.796036422252655
0.800000011920929,0.7923012375831604
0.800000011920929,0.7935629487037659
0.800000011920929,0.7925993800163269
0.800000011920929,0.7852242588996887
0.800000011920929,0.7775850892066956
0.800000011920929,0.7722402811050415
0.800000011920929,0.7614359855651855
0.800000011920929,0.7704516053199768
1.0,0.9999727010726929
1.0,0.999984622001648
1.0,0.9999873638153076
1.0,0.9999865293502808
0.6000000238418579,0.5606683492660522
0.6000000238418579,0.5793051719665527
0.6000000238418579,0.5867371559143066
0.6000000238418579,0.5885186195373535
0.6000000238418579,0.5852605700492859
0.6000000238418579,0.5824831128120422
0.6000000238418579,0.5890455842018127
0.6000000238418579,0.5936337113380432
0.6000000238418579,0.5885226726531982
0.6000000238418579,0.5794251561164856
0.6000000238418579,0.5731889605522156
0.6000000238418579,0.568682074546814
0.6000000238418579,0.5650692582130432
0.6000000238418579,0.5860645771026611
0.6000000238418579,0.5968350768089294
1.0,0.9999780654907227
1.0,0.9999817609786987
1.0,0.9999821186065674
0.6000000238418579,0.5797483325004578
0.6000000238418579,0.6330240368843079
0.6000000238418579,0.5925668478012085
0.6000000238418579,0.5922905802726746
0.6000000238418579,0.5865901708602905
0.6000000238418579,0.581002950668335
0.6000000238418579,0.5743820667266846
0.6000000238418579,0.5847497582435608
0.6000000238418579,0.5931071639060974
0.6000000238418579,0.5846131443977356
0.6000000238418579,0.5720775127410889
0.6000000238418579,0.5663422346115112
0.6000000238418579,0.5615742206573486
0.6000000238418579,0.5539278388023376
0.6000000238418579,0.5471668839454651
0.6000000238418579,0.5579220056533813
1.0,0.9999805688858032
1.0,0.9999842643737793
1.0,0.9999855756759644
1.0,0.9999827146530151
0.6000000238418579,0.6072339415550232
0.6000000238418579,0.5910502076148987
0.6000000238418579,0.588945746421814
0.6000000238418579,0.5859214663505554
0.6000000238418579,0.5810883641242981
0.6000000238418579,0.5717821717262268
0.6000000238418579,0.5775206685066223
0.6000000238418579,0.585123598575592
0.6000000238418579,0.5806317329406738
0.6000000238418579,0.5698539614677429
0.6000000238418579,0.5653699636459351
0.6000000238418579,0.5636317133903503
0.6000000238418579,0.5569589138031006
0.6000000238418579,0.5548611879348755
0.6000000238418579,0.5601736903190613
1.0,0.9999668598175049
1.0,0.9999815225601196
1.0,0.999984860420227
0.6000000238418579,0.5918594598770142
0.6000000238418579,0.6066960692405701
0.6000000238418579,0.5837385058403015
0.6000000238418579,0.5873215794563293
0.6000000238418579,0.5895436406135559
0.6000000238418579,0.5866568088531494
0.6000000238418579,0.5846691131591797
0.6000000238418579,0.5915934443473816
0.6000000238418579,0.5976755619049072
0.6000000238418579,0.592862606048584
0.6000000238418579,0.5841703414916992
0.6000000238418579,0.578148365020752
0.6000000238418579,0.5736574530601501
0.6000000238418579,0.5718014240264893
0.6000000238418579,0.5990816950798035
0.6000000238418579,0.6019628643989563
1.0,0.9999656677246094
1.0,0.9999809265136719
1.0,0.9999839067459106
0.6000000238418579,0.5774182081222534
0.6000000238418579,0.5840649008750916
0.6000000238418579,0.5817126631736755
0.6000000238418579,0.5868313312530518
0.6000000238418579,0.5885246396064758
0.6000000238418579,0.5847956538200378
0.6000000238418579,0.5843857526779175
0.6000000238418579,0.5916174054145813
0.6000000238418579,0.5962312817573547
0.6000000238418579,0.5905739665031433
0.6000000238418579,0.5820902585983276
0.6000000238418579,0.5762033462524414
0.6000000238418579,0.5719519853591919
0.6000000238418579,0.5700002908706665
0.6000000238418579,0.5992901921272278
0.6000000238418579,0.6035422086715698
1.0,0.9999810457229614
1.0,0.999984860420227
1.0,0.9999865293502808
0.6000000238418579,0.5893386602401733
0.6000000238418579,0.6059921979904175
0.6000000238418579,0.5893495082855225
0.6000000238418579,0.5908021926879883
0.6000000238418579,0.5857003927230835
0.6000000238418579,0.5794440507888794
0.6000000238418579,0.5720986127853394
0.6000000238418579,0.579644501209259
0.6000000238418579,0.5881589651107788
0.6000000238418579,0.5810522437095642
0.6000000238418579,0.5705671310424805
0.6000000238418579,0.5662631392478943
0.6000000238418579,0.5643622875213623
0.6000000238418579,0.5573318004608154
0.6000000238418579,0.5592463612556458
0.6000000238418579,0.5607426762580872
1.0,0.9999815225601196
1.0,0.9999852180480957
1.0,0.999987006187439
0.6000000238418579,0.5829074382781982
0.6000000238418579,0.6015723943710327
0.6000000238418579,0.5905424952507019
0.6000000238418579,0.5907772183418274
0.6000000238418579,0.5846886038780212
0.6000000238418579,0.5774908065795898
0.6000000238418579,0.5723373889923096
0.6000000238418579,0.5825393795967102
0.6000000238418579,0.5900954604148865
0.6000000238418579,0.580732524394989
0.6000000238418579,0.5703921318054199
0.6000000238418579,0.5660976767539978
0.6000000238418579,0.563680112361908
0.6000000238418579,0.5561776757240295
0.6000000238418579,0.5591644048690796
0.6000000238418579,0.5600812435150146
1.0,0.9999825954437256
1.0,0.9999877214431763
1.0,0.99998939037323
0.6000000238418579,0.589569628238678
0.6000000238418579,0.626373291015625
0.6000000238418579,0.5903410911560059
0.6000000238418579,0.590215265750885
0.6000000238418579,0.5863721966743469
0.6000000238418579,0.5804241895675659
0.6000000238418579,0.5756433606147766
0.6000000238418579,0.5816923975944519
0.6000000238418579,0.586992621421814
0.6000000238418579,0.5805127620697021
0.6000000238418579,0.5731237530708313
0.6000000238418579,0.5696333050727844
0.6000000238418579,0.5677876472473145
0.6000000238418579,0.5617652535438538
0.6000000238418579,0.5787572860717773
0.6000000238418579,0.564427375793457
1.0,0.9999834299087524
1.0,0.9999887943267822
1.0,0.9999902248382568
1.0,0.9999911785125732
0.6000000238418579,0.6114513874053955
0.6000000238418579,0.5850369930267334
0.6000000238418579,0.5866290926933289
0.6000000238418579,0.5858550667762756
0.6000000238418579,0.5824395418167114
0.6000000238418579,0.5753126740455627
0.6000000238418579,0.5812862515449524
0.6000000238418579,0.5825894474983215
0.6000000238418579,0.5790082812309265
0.6000000238418579,0.5703091621398926
0.6000000238418579,0.5661409497261047
0.6000000238418579,0.5639501214027405
0.6000000238418579,0.5591384172439575
0.6000000238418579,0.5758671164512634
0.6000000238418579,0.5623499751091003
1.0,0.9999822378158569
1.0,0.9999885559082031
1.0,0.9999901056289673
1.0,0.9999910593032837
0.6000000238418579,0.5496520400047302
0.6000000238418579,0.5794901847839355
0.6000000238418579,0.5883764028549194
0.6000000238418579,0.5874382853507996
0.6000000238418579,0.5837895274162292
0.6000000238418579,0.5780789852142334
0.6000000238418579,0.5847846269607544
0.6000000238418579,0.5874089002609253
0.6000000238418579,0.5832704901695251
0.6000000238418579,0.5751137733459473
0.6000000238418579,0.5710604786872864
0.6000000238418579,0.5684854984283447
0.6000000238418579,0.5635862946510315
0.6000000238418579,0.5754153728485107
0.6000000238418579,0.5679818391799927
1.0,0.9999825954437256
1.0,0.9999887943267822
1.0,0.9999902248382568
1.0,0.9999912977218628
0.6000000238418579,0.6104680895805359
0.6000000238418579,0.5887055397033691
0.6000000238418579,0.5872464179992676
0.6000000238418579,0.5871305465698242
0.6000000238418579,0.5846917033195496
0.6000000238418579,0.5772197246551514
0.6000000238418579,0.5840590000152588
0.6000000238418579,0.5878413915634155
0.6000000238418579,0.5848836898803711
0.6000000238418579,0.5764557123184204
0.6000000238418579,0.5719531774520874
0.6000000238418579,0.568840742111206
0.6000000238418579,0.5637117624282837
0.6000000238418579,0.5768107771873474
0.6000000238418579,0.5676926374435425
1.0,0.9999812841415405
1.0,0.999984860420227
1.0,0.9999862909317017
1.0,0.9999836683273315
0.6000000238418579,0.6100087761878967
0.6000000238418579,0.586470901966095
0.6000000238418579,0.5880481600761414
0.6000000238418579,0.5853179693222046
0.6000000238418579,0.5804964303970337
0.6000000238418579,0.5715317130088806
0.6000000238418579,0.5771546363830566
0.6000000238418579,0.5843052268028259
0.6000000238418579,0.5787991881370544
0.6000000238418579,0.5683805346488953
0.6000000238418579,0.5639383792877197
0.6000000238418579,0.5622727870941162
0.6000000238418579,0.5554789304733276
0.6000000238418579,0.5538681149482727
0.6000000238418579,0.5589523911476135
1.0,0.9999819993972778
1.0,0.9999885559082031
1.0,0.9999902248382568
1.0,0.9999911785125732
0.6000000238418579,0.6051797270774841
0.6000000238418579,0.5864523649215698
0.6000000238418579,0.5870944857597351
0.6000000238418579,0.5873206257820129
0.6000000238418579,0.5848294496536255
0.6000000238418579,0.5780721306800842
0.6000000238418579,0.5847252607345581
0.6000000238418579,0.5865277051925659
0.6000000238418579,0.5838168263435364
0.6000000238418579,0.5748652815818787
0.6000000238418579,0.5699686408042908
0.6000000238418579,0.5673975348472595
0.6000000238418579,0.5631158351898193
0.6000000238418579,0.5746281743049622
0.6000000238418579,0.5682048797607422
1.0,0.9999743700027466
1.0,0.9999853372573853
1.0,0.9999884366989136
0.6000000238418579,0.5904341340065002
0.6000000238418579,0.5860276222229004
0.6000000238418579,0.5832083821296692
0.6000000238418579,0.5879155993461609
0.6000000238418579,0.5871662497520447
0.6000000238418579,0.5832249522209167
0.6000000238418579,0.5820719003677368
0.6000000238418579,0.5898179411888123
0.6000000238418579,0.5918823480606079
0.6000000238418579,0.5875716805458069
0.6000000238418579,0.5788282155990601
0.6000000238418579,0.5741178393363953
0.6000000238418579,0.5703097581863403
0.6000000238418579,0.5670125484466553
0.6000000238418579,0.5844789743423462
0.6000000238418579,0.5940607786178589
1.0,0.9999785423278809
1.0,0.9999876022338867
1.0,0.9999899864196777
1.0,0.9999891519546509
0.6000000238418579,0.6092570424079895
0.6000000238418579,0.5872073173522949
0.6000000238418579,0.5857248902320862
0.6000000238418579,0.5879270434379578
0.6000000238418579,0.5860028862953186
0.6000000238418579,0.5800086855888367
0.6000000238418579,0.5864774584770203
0.6000000238418579,0.5895366072654724
0.6000000238418579,0.5870932340621948
0.6000000238418579,0.5771502256393433
0.6000000238418579,0.5712384581565857
0.6000000238418579,0.5670775175094604
0.6000000238418579,0.5633245706558228
0.6000000238418579,0.5757442712783813
0.6000000238418579,0.5788732767105103
1.0,0.999982476234436
1.0,0.9999877214431763
1.0,0.99998939037323
0.6000000238418579,0.5800167322158813
0.6000000238418579,0.5978506207466125
0.6000000238418579,0.5886475443840027
0.6000000238418579,0.5902121067047119
0.6000000238418579,0.5860956907272339
0.6000000238418579,0.5795321464538574
0.6000000238418579,0.575920820236206
0.6000000238418579,0.5823603272438049
0.6000000238418579,0.5891057848930359
0.6000000238418579,0.5812535285949707
0.6000000238418579,0.5739872455596924
0.6000000238418579,0.5707641839981079
0.6000000238418579,0.5688978433609009
0.6000000238418579,0.5626137256622314
0.6000000238418579,0.5788633227348328
0.6000000238418579,0.5652459263801575
1.0,0.9999823570251465
1.0,0.9999873638153076
1.0,0.9999890327453613
1.0,0.9999885559082031
0.6000000238418579,0.6034584045410156
0.6000000238418579,0.5927846431732178
0.6000000238418579,0.5883116722106934
0.6000000238418579,0.5865188837051392
0.6000000238418579,0.5825003981590271
0.6000000238418579,0.5750374794006348
0.6000000238418579,0.5806233286857605
0.6000000238418579,0.5833240151405334
0.6000000238418579,0.5807398557662964
0.6000000238418579,0.5721415877342224
0.6000000238418579,0.5681194067001343
0.6000000238418579,0.5664661526679993
0.6000000238418579,0.5613674521446228
0.6000000238418579,0.5795392394065857
0.6000000238418579,0.563967764377594
1.0,0.9999654293060303
1.0,0.9999808073043823
1.0,0.9999836683273315
1.0,0.9999843835830688
0.6000000238418579,0.5632680654525757
0.6000000238418579,0.5715546011924744
0.6000000238418579,0.5851191282272339
0.6000000238418579,0.5900043845176697
0.6000000238418579,0.5892739295959473
0.6000000238418579,0.5839887261390686
0.6000000238418579,0.5910019874572754
0.6000000238418579,0.5976258516311646
0.6000000238418579,0.5927093029022217
0.6000000238418579,0.5837901830673218
0.6000000238418579,0.5775387287139893
0.6000000238418579,0.5729527473449707
0.6000000238418579,0.5712787508964539
0.6000000238418579,0.5993497371673584
0.6000000238418579,0.6037899851799011
1.0,0.9999536275863647
1.0,0.999975323677063
1.0,0.9999784231185913
1.0,0.9999825954437256
0.6000000238418579,0.5586336851119995
0.6000000238418579,0.5706532001495361
0.6000000238418579,0.5850033164024353
0.6000000238418579,0.5915514826774597
0.6000000238418579,0.5918813943862915
0.6000000238418579,0.5851157307624817
0.6000000238418579,0.5932007431983948
0.6000000238418579,0.6007571816444397
0.6000000238418579,0.5963593125343323
0.6000000238418579,0.5880847573280334
0.6000000238418579,0.5819193124771118
0.6000000238418579,0.5780037045478821
0.6000000238418579,0.5950789451599121
0.6000000238418579,0.605397641658783
0.6000000238418579,0.6062904596328735
1.0,0.9999822378158569
1.0,0.999985933303833
1.0,0.9999880790710449
1.0,0.9999858140945435
0.6000000238418579,0.6107169985771179
0.6000000238418579,0.5929101705551147
0.6000000238418579,0.5884864926338196
0.6000000238418579,0.5857978463172913
0.6000000238418579,0.5812117457389832
0.6000000238418579,0.5729507207870483
0.6000000238418579,0.578331708908081
0.6000000238418579,0.5828812718391418
0.6000000238418579,0.578801691532135
0.6000000238418579,0.5691337585449219
0.6000000238418579,0.5651796460151672
0.6000000238418579,0.5636182427406311
0.6000000238418579,0.5575690269470215
0.6000000238418579,0.5671750903129578
0.6000000238418579,0.560920774936676
1.0,0.9999827146530151
1.0,0.9999879598617554
1.0,0.9999896287918091
1.0,0.9999901056289673
0.6000000238418579,0.5651352405548096
0.6000000238418579,0.577783465385437
0.6000000238418579,0.5872787237167358
0.6000000238418579,0.586399495601654
0.6000000238418579,0.5822715759277344
0.6000000238418579,0.5759544968605042
0.6000000238418579,0.5816880464553833
0.6000000238418579,0.5846878886222839
0.6000000238418579,0.5810829997062683
0.6000000238418579,0.5730868577957153
0.6000000238418579,0.5692260265350342
0.6000000238418579,0.5673729777336121
0.6000000238418579,0.5622575879096985
0.6000000238418579,0.5784143805503845
0.6000000238418579,0.5651416778564453
1.0,0.9999829530715942
1.0,0.9999881982803345
1.0,0.9999897480010986
1.0,0.9999902248382568
0.6000000238418579,0.5747274160385132
0.6000000238418579,0.5857911109924316
0.6000000238418579,0.5891126394271851
0.6000000238418579,0.5860674381256104
0.6000000238418579,0.5805042386054993
0.6000000238418579,0.5754055380821228
0.6000000238418579,0.5810905694961548
0.6000000238418579,0.5850327610969543
0.6000000238418579,0.5791218876838684
0.6000000238418579,0.571816086769104
0.6000000238418579,0.5678774118423462
0.6000000238418579,0.565956711769104
0.6000000238418579,0.5602692365646362
0.6000000238418579,0.5775363445281982
0.6000000238418579,0.5632637143135071
1.0,0.9999790191650391
1.0,0.9999830722808838
1.0,0.9999834299087524
0.6000000238418579,0.5848243832588196
0.6000000238418579,0.6036968231201172
0.6000000238418579,0.5923135876655579
0.6000000238418579,0.5920237898826599
0.6000000238418579,0.5872311592102051
0.6000000238418579,0.5802310705184937
0.6000000238418579,0.5754430294036865
0.6000000238418579,0.587597131729126
0.6000000238418579,0.595565140247345
0.6000000238418579,0.5846663117408752
0.6000000238418579,0.5726044178009033
0.6000000238418579,0.5673834085464478
0.6000000238418579,0.5626049637794495
0.6000000238418579,0.5550205111503601
0.6000000238418579,0.5494461059570312
0.6000000238418579,0.5598053932189941
1.0,0.99997878074646
1.0,0.9999829530715942
1.0,0.9999831914901733
1.0,0.9999796152114868
0.6000000238418579,0.5927085280418396
0.6000000238418579,0.5855912566184998
0.6000000238418579,0.5891385078430176
0.6000000238418579,0.5860819220542908
0.6000000238418579,0.5807857513427734
0.6000000238418579,0.5716434717178345
0.6000000238418579,0.5778765678405762
0.6000000238418579,0.5875601768493652
0.6000000238418579,0.5831852555274963
0.6000000238418579,0.5710604786872864
0.6000000238418579,0.566084086894989
0.6000000238418579,0.5638020634651184
0.6000000238418579,0.5561527609825134
0.6000000238418579,0.5497989654541016
0.6000000238418579,0.5596230030059814
1.0,0.999976634979248
1.0,0.9999864101409912
1.0,0.9999896287918091
1.0,0.9999880790710449
0.6000000238418579,0.6108348965644836
0.6000000238418579,0.5824954509735107
0.6000000238418579,0.5852989554405212
0.6000000238418579,0.5885555148124695
0.6000000238418579,0.5870030522346497
0.6000000238418579,0.5816397070884705
0.6000000238418579,0.5880326628684998
0.6000000238418579,0.5924076437950134
0.6000000238418579,0.5896874070167542
0.6000000238418579,0.5802109241485596
0.6000000238418579,0.5738326907157898
0.6000000238418579,0.5696249604225159
0.6000000238418579,0.5656982064247131
0.6000000238418579,0.5809875726699829
0.6000000238418579,0.5870885848999023
1.0,0.9999594688415527
1.0,0.9999780654907227
1.0,0.9999802112579346
1.0,0.9999829530715942
0.6000000238418579,0.5400104522705078
0.6000000238418579,0.5733231902122498
0.6000000238418579,0.5859934687614441
0.6000000238418579,0.5905709266662598
0.6000000238418579,0.5894608497619629
0.6000000238418579,0.5845494866371155
0.6000000238418579,0.5920553207397461
0.6000000238418579,0.5985556840896606
0.6000000238418579,0.5931781530380249
0.6000000238418579,0.5843385457992554
0.6000000238418579,0.5782016515731812
0.6000000238418579,0.5741037130355835
0.6000000238418579,0.5779926180839539
0.6000000238418579,0.6045692563056946
0.6000000238418579,0.6065635085105896
1.0,0.9999790191650391
1.0,0.9999827146530151
1.0,0.9999829530715942
1.0,0.9999790191650391
0.6000000238418579,0.6063923835754395
0.6000000238418579,0.5936377048492432
0.6000000238418579,0.58971107006073
0.6000000238418579,0.5854917168617249
0.6000000238418579,0.5797807574272156
0.6000000238418579,0.5701203346252441
0.6000000238418579,0.5761431455612183
0.6000000238418579,0.5852497220039368
0.6000000238418579,0.580226480960846
0.6000000238418579,0.5677016377449036
0.6000000238418579,0.562561571598053
0.6000000238418579,0.559618353843689
0.6000000238418579,0.5520591735839844
0.6000000238418579,0.5445705056190491
0.6000000238418579,0.5543169379234314
1.0,0.9999823570251465
1.0,0.9999871253967285
1.0,0.9999889135360718
0.6000000238418579,0.5652247667312622
0.6000000238418579,0.6101780533790588
0.6000000238418579,0.590816855430603
0.6000000238418579,0.5904690027236938
0.6000000238418579,0.5858381986618042
0.6000000238418579,0.5793018341064453
0.6000000238418579,0.5746101140975952
0.6000000238418579,0.5808318257331848
0.6000000238418579,0.587894082069397
0.6000000238418579,0.5802620053291321
0.6000000238418579,0.5721610188484192
0.6000000238418579,0.5686963796615601
0.6000000238418579,0.5670032501220703
0.6000000238418579,0.5603552460670471
0.6000000238418579,0.5781971216201782
0.6000000238418579,0.5629462003707886
1.0,0.9999823570251465
1.0,0.9999860525131226
1.0,0.9999880790710449
0.6000000238418579,0.5738610625267029
0.6000000238418579,0.6033769249916077
0.6000000238418579,0.5909598469734192
0.6000000238418579,0.5907105803489685
0.6000000238418579,0.5846982598304749
0.6000000238418579,0.577366292476654
0.6000000238418579,0.5723299384117126
0.6000000238418579,0.5812582969665527
0.6000000238418579,0.588494598865509
0.6000000238418579,0.5792171955108643
0.6000000238418579,0.5695724487304688
0.6000000238418579,0.565494954586029
0.6000000238418579,0.563477635383606
0.6000000238418579,0.5561931133270264
0.6000000238418579,0.5642770528793335
0.6000000238418579,0.5595549941062927
1.0,0.9999796152114868
1.0,0.999983549118042
1.0,0.9999843835830688
0.6000000238418579,0.5625091791152954
0.6000000238418579,0.6159705519676208
0.6000000238418579,0.593643844127655
0.6000000238418579,0.5921437740325928
0.6000000238418579,0.5858081579208374
0.6000000238418579,0.5796929597854614
0.6000000238418579,0.5738294124603271
0.6000000238418579,0.5842628479003906
0.6000000238418579,0.5920095443725586
0.6000000238418579,0.583390474319458
0.6000000238418579,0.5715762972831726
0.6000000238418579,0.5668129920959473
0.6000000238418579,0.5634298920631409
0.6000000238418579,0.5555263757705688
0.6000000238418579,0.5512487292289734
0.6000000238418579,0.5600682497024536
1.0,0.9999817609786987
1.0,0.999985933303833
1.0,0.9999879598617554
1.0,0.9999862909317017
0.6000000238418579,0.5975067615509033
0.6000000238418579,0.5840085744857788
0.6000000238418579,0.5876865983009338
0.6000000238418579,0.5862798690795898
0.6000000238418579,0.5821607708930969
0.6000000238418579,0.574376106262207
0.6000000238418579,0.5801544785499573
0.6000000238418579,0.585268497467041
0.6000000238418579,0.5815091729164124
0.6000000238418579,0.5723933577537537
0.6000000238418579,0.5686103105545044
0.6000000238418579,0.5672519207000732
0.6000000238418579,0.5613123178482056
0.6000000238418579,0.5774821043014526
0.6000000238418579,0.5637251734733582
1.0,0.9999659061431885
1.0,0.9999810457229614
1.0,0.9999842643737793
1.0,0.9999845027923584
0.6000000238418579,0.5685215592384338
0.6000000238418579,0.5720576047897339
0.6000000238418579,0.5851066708564758
0.6000000238418579,0.590004563331604
0.6000000238418579,0.5894606113433838
0.6000000238418579,0.5841557383537292
0.6000000238418579,0.5911245942115784
0.6000000238418579,0.5978721976280212
0.6000000238418579,0.5934244990348816
0.6000000238418579,0.5845308303833008
0.6000000238418579,0.5782659649848938
0.6000000238418579,0.5737130045890808
0.6000000238418579,0.5721464157104492
0.6000000238418579,0.5995326638221741
0.6000000238418579,0.6034442782402039
1.0,0.9999830722808838
1.0,0.9999881982803345
1.0,0.9999897480010986
1.0,0.9999899864196777
0.6000000238418579,0.5956164002418518
0.6000000238418579,0.5820279121398926
0.6000000238418579,0.5865802764892578
0.6000000238418579,0.5856289863586426
0.6000000238418579,0.5815760493278503
0.6000000238418579,0.5748818516731262
0.6000000238418579,0.5803433060646057
0.6000000238418579,0.5826395153999329
0.6000000238418579,0.5788268446922302
0.6000000238418579,0.5705291032791138
0.6000000238418579,0.5664699673652649
0.6000000238418579,0.5646981000900269
0.6000000238418579,0.5593171715736389
0.6000000238418579,0.5773292183876038
0.6000000238418579,0.5622960329055786
1.0,0.9999822378158569
1.0,0.9999871253967285
1.0,0.9999889135360718
0.6000000238418579,0.5748971700668335
0.6000000238418579,0.6011478900909424
0.6000000238418579,0.5898331999778748
0.6000000238418579,0.5904693603515625
0.6000000238418579,0.5859981179237366
0.6000000238418579,0.5794671773910522
0.6000000238418579,0.5751985907554626
0.6000000238418579,0.5816776752471924
0.6000000238418579,0.5891776084899902
0.6000000238418579,0.581407368183136
0.6000000238418579,0.5735182166099548
0.6000000238418579,0.5701878070831299
0.6000000238418579,0.5683885812759399
0.6000000238418579,0.5618612170219421
0.6000000238418579,0.5794972777366638
0.6000000238418579,0.5641533136367798
1.0,0.9999825954437256
1.0,0.9999879598617554
1.0,0.9999896287918091
0.6000000238418579,0.581425130367279
0.6000000238418579,0.6258447766304016
0.6000000238418579,0.589971125125885
0.6000000238418579,0.5903217792510986
0.6000000238418579,0.587029218673706
0.6000000238418579,0.5814169645309448
0.6000000238418579,0.5767777562141418
0.6000000238418579,0.5829447507858276
0.6000000238418579,0.5877251625061035
0.6000000238418579,0.5817755460739136
0.6000000238418579,0.5748893022537231
0.6000000238418579,0.5712087154388428
0.6000000238418579,0.5691445469856262
0.6000000238418579,0.5635607838630676
0.6000000238418579,0.577825665473938
0.6000000238418579,0.5665704607963562
1.0,0.9999650716781616
1.0,0.9999806880950928
1.0,0.9999837875366211
1.0,0.9999843835830688
0.6000000238418579,0.5917708873748779
0.6000000238418579,0.5741066336631775
0.6000000238418579,0.5848623514175415
0.6000000238418579,0.590231716632843
0.6000000238418579,0.5900768637657166
0.6000000238418579,0.5839647650718689
0.6000000238418579,0.5912396907806396
0.6000000238418579,0.5980544090270996
0.6000000238418579,0.593425452709198
0.6000000238418579,0.584861159324646
0.6000000238418579,0.5784807205200195
0.6000000238418579,0.5741237998008728
0.6000000238418579,0.5728762745857239
0.6000000238418579,0.6000716686248779
0.6000000238418579,0.6036180257797241
1.0,0.9999699592590332
1.0,0.9999830722808838
1.0,0.9999854564666748
1.0,0.9999853372573853
0.6000000238418579,0.5430470705032349
0.6000000238418579,0.5731785893440247
0.6000000238418579,0.5857882499694824
0.6000000238418579,0.5891428589820862
0.6000000238418579,0.5870998501777649
0.6000000238418579,0.583103358745575
0.6000000238418579,0.5895953178405762
0.6000000238418579,0.5953226685523987
0.6000000238418579,0.5898737907409668
0.6000000238418579,0.5808531641960144
0.6000000238418579,0.5744892358779907
0.6000000238418579,0.569765567779541
0.6000000238418579,0.5667728185653687
0.6000000238418579,0.5911393761634827
0.6000000238418579,0.6013579368591309
1.0,0.99997878074646
1.0,0.9999877214431763
1.0,0.9999898672103882
0.6000000238418579,0.5706790089607239
0.6000000238418579,0.5994715690612793
0.6000000238418579,0.5872908234596252
0.6000000238418579,0.5889503359794617
0.6000000238418579,0.5868768095970154
0.6000000238418579,0.5826396346092224
0.6000000238418579,0.580032229423523
0.6000000238418579,0.5870304107666016
0.6000000238418579,0.5885695219039917
0.6000000238418579,0.584149181842804
0.6000000238418579,0.5765718817710876
0.6000000238418579,0.5727726817131042
0.6000000238418579,0.5698442459106445
0.6000000238418579,0.5657124519348145
0.6000000238418579,0.5773324370384216
0.6000000238418579,0.5772572159767151
1.0,0.9999771118164062
1.0,0.9999799728393555
1.0,0.9999806880950928
0.6000000238418579,0.5910477042198181
0.6000000238418579,0.6378200054168701
0.6000000238418579,0.5942841172218323
0.6000000238418579,0.5930481553077698
0.6000000238418579,0.5877689719200134
0.6000000238418579,0.5817222595214844
0.6000000238418579,0.5755800008773804
0.6000000238418579,0.5871847867965698
0.6000000238418579,0.5955508947372437
0.6000000238418579,0.5860370397567749
0.6000000238418579,0.5728674530982971
0.6000000238418579,0.5658100843429565
0.6000000238418579,0.5601040720939636
0.6000000238418579,0.5527040362358093
0.6000000238418579,0.5457453727722168
0.6000000238418579,0.5565446615219116
1.0,0.9999768733978271
1.0,0.9999791383743286
1.0,0.9999803304672241
1.0,0.9999750852584839
0.6000000238418579,0.6156119108200073
0.6000000238418579,0.5917896032333374
0.6000000238418579,0.5902184844017029
0.6000000238418579,0.5856251120567322
0.6000000238418579,0.5805007815361023
0.6000000238418579,0.5720381736755371
0.6000000238418579,0.5792101621627808
0.6000000238418579,0.5882803201675415
0.6000000238418579,0.582730770111084
0.6000000238418579,0.5698590278625488
0.6000000238418579,0.5632309317588806
0.6000000238418579,0.5581757426261902
0.6000000238418579,0.5504759550094604
0.6000000238418579,0.5432528257369995
0.6000000238418579,0.552490770816803
1.0,0.9999772310256958
1.0,0.9999796152114868
1.0,0.9999805688858032
0.5,0.5163127779960632
0.5,0.49983924627304077
0.5,0.48854801058769226
0.5,0.49360892176628113
0.5,0.4874641001224518
0.5,0.4791368842124939
0.5,0.4868796467781067
0.5,0.48693645000457764
0.5,0.4840036928653717
0.5,0.4893745481967926
0.5,0.4846383333206177
0.5,0.4795065224170685
0.5,0.48105570673942566
0.5,0.48287996649742126
0.5,0.4880290925502777
0.5,0.5062642097473145
1.0,0.9999805688858032
1.0,0.9999843835830688
1.0,0.9999861717224121
0.5,0.5079460740089417
0.5,0.4912223517894745
0.5,0.49148061871528625
0.5,0.4934764504432678
0.5,0.48719021677970886
0.5,0.4799174666404724
0.5,0.48983508348464966
0.5,0.48874977231025696
0.5,0.4873487949371338
0.5,0.4903371334075928
0.5,0.4866882860660553
0.5,0.48428910970687866
0.5,0.4882601499557495
0.5,0.49330273270606995
0.5,0.5075266361236572
0.5,0.5186058878898621
1.0,0.9999549388885498
1.0,0.9999740123748779
1.0,0.999977707862854
0.5,0.5148252844810486
0.5,0.4822133779525757
0.5,0.49293145537376404
0.5,0.49634596705436707
0.5,0.49347689747810364
0.5,0.4957592785358429
0.5,0.5042544603347778
0.5,0.5023884773254395
0.5,0.5058555603027344
0.5,0.5073137283325195
0.5,0.500536322593689
0.5,0.49997812509536743
0.5,0.5107099413871765
0.5,0.5285833477973938
0.5,0.5399651527404785
0.5,0.5398457646369934
1.0,0.9999797344207764
1.0,0.9999881982803345
1.0,0.9999903440475464
1.0,0.9999901056289673
0.5,0.4914851784706116
0.5,0.49182018637657166
0.5,0.49510467052459717
0.5,0.49178966879844666
0.5,0.4876265823841095
0.5,0.49806126952171326
0.5,0.4956158697605133
0.5,0.49620187282562256
0.5,0.49600785970687866
0.5,0.49112749099731445
0.5,0.4911927878856659
0.5,0.4986001253128052
0.5,0.5086897611618042
0.5,0.5239948034286499
0.5,0.5253958106040955
1.0,0.9999781847000122
1.0,0.9999812841415405
1.0,0.9999818801879883
0.5,0.5084646940231323
0.5,0.4784771502017975
0.5,0.4903605580329895
0.5,0.493207186460495
0.5,0.4861452877521515
0.5,0.4782831370830536
0.5,0.48686668276786804
0.5,0.4852486550807953
0.5,0.48384541273117065
0.5,0.4890650510787964
0.5,0.4838815927505493
0.5,0.4790799915790558
0.5,0.48041582107543945
0.5,0.4826386868953705
0.5,0.4880962669849396
0.5,0.5065184831619263
1.0,0.9999549388885498
1.0,0.9999747276306152
1.0,0.9999781847000122
0.5,0.564054548740387
0.5,0.4957577586174011
0.5,0.4945913851261139
0.5,0.4968828558921814
0.5,0.49464741349220276
0.5,0.49600186944007874
0.5,0.5060026049613953
0.5,0.5031486749649048
0.5,0.5064960718154907
0.5,0.5084760189056396
0.5,0.502234160900116
0.5,0.5005030632019043
0.5,0.510581374168396
0.5,0.5295854210853577
0.5,0.5401096940040588
0.5,0.5400269627571106
1.0,0.9999827146530151
1.0,0.9999877214431763
1.0,0.99998939037323
0.5,0.5094349980354309
0.5,0.49182358384132385
0.5,0.49200987815856934
0.5,0.4934353530406952
0.5,0.48793381452560425
0.5,0.4821479618549347
0.5,0.4925830066204071
0.5,0.49051332473754883
0.5,0.49023178219795227
0.5,0.49060583114624023
0.5,0.48842424154281616
0.5,0.4882393479347229
0.5,0.494565486907959
0.5,0.5010112524032593
0.5,0.5234034061431885
0.5,0.5216012597084045
1.0,0.9999830722808838
1.0,0.9999884366989136
1.0,0.9999899864196777
1.0,0.9999909400939941
0.5,0.49947378039360046
0.5,0.4902842044830322
0.5,0.49406465888023376
0.5,0.4915844798088074
0.5,0.48658958077430725
0.5,0.4960240423679352
0.5,0.49365904927253723
0.5,0.4937061071395874
0.5,0.4930665194988251
0.5,0.48896366357803345
0.5,0.48922139406204224
0.5,0.49506130814552307
0.5,0.5041606426239014
0.5,0.5246502161026001
0.5,0.5223817229270935
1.0,0.9999701976776123
1.0,0.9999831914901733
1.0,0.9999861717224121
0.5,0.5102791786193848
0.5,0.4812920093536377
0.5,0.4926510453224182
0.5,0.4954446852207184
0.5,0.4914426803588867
0.5,0.4911160469055176
0.5,0.5006367564201355
0.5,0.4995395541191101
0.5,0.5016213655471802
0.5,0.5024184584617615
0.5,0.49634242057800293
0.5,0.4982134997844696
0.5,0.5080137252807617
0.5,0.5182523727416992
0.5,0.5349164009094238
0.5,0.5369518995285034
1.0,0.9999632835388184
1.0,0.9999797344207764
1.0,0.9999819993972778
1.0,0.9999836683273315
0.5,0.4853954613208771
0.5,0.4939751625061035
0.5,0.4968745708465576
0.5,0.4944861829280853
0.5,0.4945996105670929
0.5,0.505264937877655
0.5,0.5022460222244263
0.5,0.5047669410705566
0.5,0.5063742995262146
0.5,0.5003113150596619
0.5,0.4982489347457886
0.5,0.5080614686012268
0.5,0.5194108486175537
0.5,0.5371612906455994
0.5,0.5381559729576111
1.0,0.9999823570251465
1.0,0.9999868869781494
1.0,0.9999885559082031
0.5,0.5060285329818726
0.5,0.4751826822757721
0.5,0.4903124272823334
0.5,0.49291548132896423
0.5,0.4866675138473511
0.5,0.48085176944732666
0.5,0.4906388819217682
0.5,0.4891860783100128
0.5,0.4888957440853119
0.5,0.4905562996864319
0.5,0.48665982484817505
0.5,0.48619621992111206
0.5,0.4923844337463379
0.5,0.4978168308734894
0.5,0.518978476524353
0.5,0.5205832719802856
1.0,0.9999784231185913
1.0,0.9999817609786987
1.0,0.9999821186065674
1.0,0.9999778270721436
0.5,0.4959113895893097
0.5,0.48813682794570923
0.5,0.4922920763492584
0.5,0.4883333146572113
0.5,0.48021671175956726
0.5,0.48700621724128723
0.5,0.48838794231414795
0.5,0.4851129353046417
0.5,0.48617660999298096
0.5,0.4844973385334015
0.5,0.48041588068008423
0.5,0.48267579078674316
0.5,0.48547860980033875
0.5,0.4912711977958679
0.5,0.5088473558425903
1.0,0.9999831914901733
1.0,0.9999884366989136
1.0,0.9999898672103882
1.0,0.9999903440475464
0.5,0.48794034123420715
0.5,0.4907324016094208
0.5,0.49398481845855713
0.5,0.4915032684803009
0.5,0.48595523834228516
0.5,0.4945169687271118
0.5,0.4930054545402527
0.5,0.49256277084350586
0.5,0.49174851179122925
0.5,0.48767709732055664
0.5,0.4878418743610382
0.5,0.4932854473590851
0.5,0.5019810199737549
0.5,0.52452152967453
0.5,0.5210274457931519
1.0,0.9999783039093018
1.0,0.9999814033508301
1.0,0.9999819993972778
1.0,0.9999774694442749
0.5,0.49217286705970764
0.5,0.48791027069091797
0.5,0.49277231097221375
0.5,0.4879831373691559
0.5,0.4797583222389221
0.5,0.48691314458847046
0.5,0.4877966642379761
0.5,0.48451244831085205
0.5,0.4865177869796753
0.5,0.4842609763145447
0.5,0.47990989685058594
0.5,0.48195382952690125
0.5,0.4844553470611572
0.5,0.4900146722793579
0.5,0.5077217221260071
1.0,0.9999778270721436
1.0,0.9999805688858032
1.0,0.9999812841415405
0.5,0.5836560130119324
0.5,0.49182000756263733
0.5,0.4874924421310425
0.5,0.4934011399745941
0.5,0.48746761679649353
0.5,0.4791150987148285
0.5,0.4866167902946472
0.5,0.4868825674057007
0.5,0.483726441860199
0.5,0.48824048042297363
0.5,0.4839233458042145
0.5,0.47905996441841125
0.5,0.4807896316051483
0.5,0.4827204644680023
0.5,0.4880269765853882
0.5,0.5057536959648132
1.0,0.9999816417694092
1.0,0.9999884366989136
1.0,0.9999902248382568
0.5,0.5424867272377014
0.5,0.5085877180099487
0.5,0.494394451379776
0.5,0.4946841895580292
0.5,0.4899141490459442
0.5,0.48529210686683655
0.5,0.49628135561943054
0.5,0.49351945519447327
0.5,0.49412453174591064
0.5,0.4931626617908478
0.5,0.4899938702583313
0.5,0.49122607707977295
0.5,0.4982109069824219
0.5,0.5071082711219788
0.5,0.5242207050323486
0.5,0.5246279239654541
1.0,0.9999788999557495
1.0,0.9999878406524658
1.0,0.9999901056289673
0.5,0.5447251796722412
0.5,0.5056208372116089
0.5,0.49448978900909424
0.5,0.49510279297828674
0.5,0.49051859974861145
0.5,0.48674866557121277
0.5,0.4972573518753052
0.5,0.49487096071243286
0.5,0.49632540345191956
0.5,0.4954470992088318
0.5,0.49065327644348145
0.5,0.49227359890937805
0.5,0.5003983378410339
0.5,0.5100595355033875
0.5,0.525288462638855
0.5,0.5271656513214111
1.0,0.9999778270721436
1.0,0.9999805688858032
1.0,0.9999814033508301
0.5,0.5333046317100525
0.5,0.50616854429245
0.5,0.4890185296535492
0.5,0.49354031682014465
0.5,0.4872514605522156
0.5,0.47889313101768494
0.5,0.4866984486579895
0.5,0.48663994669914246
0.5,0.48368337750434875
0.5,0.48859772086143494
0.5,0.48387858271598816
0.5,0.479015976190567
0.5,0.4807789921760559
0.5,0.4825632870197296
0.5,0.48790639638900757
0.5,0.5058532953262329
1.0,0.9999825954437256
1.0,0.9999872446060181
1.0,0.9999887943267822
1.0,0.9999879598617554
0.5,0.5005528330802917
0.5,0.48966890573501587
0.5,0.4934796988964081
0.5,0.4904309809207916
0.5,0.4842258095741272
0.5,0.49262455105781555
0.5,0.49177294969558716
0.5,0.4903523027896881
0.5,0.4899052381515503
0.5,0.4874732792377472
0.5,0.48664391040802
0.5,0.49138423800468445
0.5,0.4988276958465576
0.5,0.5203608274459839
0.5,0.5202131867408752
1.0,0.9999750852584839
1.0,0.9999773502349854
1.0,0.9999790191650391
1.0,0.9999732971191406
0.5,0.4947901666164398
0.5,0.48751941323280334
0.5,0.4924251437187195
0.5,0.4884690046310425
0.5,0.48023727536201477
0.5,0.48597922921180725
0.5,0.48796284198760986
0.5,0.4840792715549469
0.5,0.48721450567245483
0.5,0.4852287173271179
0.5,0.47969770431518555
0.5,0.4811268448829651
0.5,0.4826189875602722
0.5,0.48749321699142456
0.5,0.5054269433021545
1.0,0.9999822378158569
1.0,0.9999865293502808
1.0,0.999988317489624
1.0,0.9999868869781494
0.5,0.4855797588825226
0.5,0.4903858006000519
0.5,0.4935627281665802
0.5,0.49058011174201965
0.5,0.48427072167396545
0.5,0.49206429719924927
0.5,0.49174609780311584
0.5,0.4901036322116852
0.5,0.48979687690734863
0.5,0.48765435814857483
0.5,0.48643893003463745
0.5,0.4910782277584076
0.5,0.4981995224952698
0.5,0.5181196928024292
0.5,0.5200214385986328
1.0,0.9999778270721436
1.0,0.9999871253967285
1.0,0.9999898672103882
1.0,0.9999885559082031
0.5,0.4909931421279907
0.5,0.4922356903553009
0.5,0.4957829713821411
0.5,0.49245259165763855
0.5,0.48931780457496643
0.5,0.5003936290740967
0.5,0.4978216886520386
0.5,0.49852070212364197
0.5,0.49908319115638733
0.5,0.4938797056674957
0.5,0.49329861998558044
0.5,0.5014868974685669
0.5,0.5121796727180481
0.5,0.527210533618927
0.5,0.5295336842536926
1.0,0.999981164932251
1.0,0.9999887943267822
1.0,0.9999905824661255
1.0,0.9999914169311523
0.5,0.48946934938430786
0.5,0.4905579686164856
0.5,0.4946003556251526
0.5,0.49257802963256836
0.5,0.4881102442741394
0.5,0.4977869391441345
0.5,0.49554571509361267
0.5,0.49569249153137207
0.5,0.49556222558021545
0.5,0.49120181798934937
0.5,0.4900219738483429
0.5,0.49666938185691833
0.5,0.5066472291946411
0.5,0.5228776931762695
0.5,0.5233852863311768
1.0,0.9999808073043823
1.0,0.9999845027923584
1.0,0.999985933303833
0.5,0.512441873550415
0.5,0.5109606385231018
0.5,0.491592139005661
0.5,0.4935062825679779
0.5,0.4873349666595459
0.5,0.4797776937484741
0.5,0.48937729001045227
0.5,0.488427996635437
0.5,0.48676860332489014
0.5,0.4892454147338867
0.5,0.48551928997039795
0.5,0.48307138681411743
0.5,0.48687195777893066
0.5,0.49156588315963745
0.5,0.5023917555809021
0.5,0.5166261196136475
1.0,0.999976634979248
1.0,0.9999790191650391
1.0,0.9999802112579346
1.0,0.9999748468399048
0.5,0.4910954236984253
0.5,0.4868464171886444
0.5,0.49331724643707275
0.5,0.4877718687057495
0.5,0.4794601500034332
0.5,0.4864949882030487
0.5,0.48717862367630005
0.5,0.48375919461250305
0.5,0.48846280574798584
0.5,0.48455071449279785
0.5,0.47928690910339355
0.5,0.4808567762374878
0.5,0.48246392607688904
0.5,0.4875310957431793
0.5,0.5054727792739868
1.0,0.9999608993530273
1.0,0.9999786615371704
1.0,0.9999812841415405
1.0,0.9999833106994629
0.5,0.5208641290664673
0.5,0.49159935116767883
0.5,0.49618858098983765
0.5,0.4963505268096924
0.5,0.496156245470047
0.5,0.508072555065155
0.5,0.5041281580924988
0.5,0.5067986249923706
0.5,0.5101377367973328
0.5,0.5043820142745972
0.5,0.49988576769828796
0.5,0.5083593130111694
0.5,0.5225481390953064
0.5,0.5387635827064514
0.5,0.5389593243598938
1.0,0.9999823570251465
1.0,0.9999861717224121
1.0,0.9999880790710449
0.5,0.5085983872413635
0.5,0.4919149577617645
0.5,0.49139121174812317
0.5,0.4932064414024353
0.5,0.48695096373558044
0.5,0.48023363947868347
0.5,0.489941269159317
0.5,0.4885687530040741
0.5,0.48768889904022217
0.5,0.4894060790538788
0.5,0.4851202368736267
0.5,0.48402437567710876
0.5,0.4892716705799103
0.5,0.4947602152824402
0.5,0.5102933049201965
0.5,0.5188027620315552
1.0,0.9999794960021973
1.0,0.9999834299087524
1.0,0.9999840259552002
1.0,0.9999808073043823
0.5,0.4907795488834381
0.5,0.4886668026447296
0.5,0.4932900369167328
0.5,0.48799699544906616
0.5,0.48006710410118103
0.5,0.48879215121269226
0.5,0.4887024164199829
0.5,0.4862433969974518
0.5,0.4880707263946533
0.5,0.4854590892791748
0.5,0.482258677482605
0.5,0.48539790511131287
0.5,0.48940491676330566
0.5,0.49698394536972046
0.5,0.5141858458518982
1.0,0.9999808073043823
1.0,0.999984622001648
1.0,0.9999861717224121
1.0,0.999983549118042
0.5,0.49067917466163635
0.5,0.4895267188549042
0.5,0.49328330159187317
0.5,0.488103985786438
0.5,0.48078858852386475
0.5,0.4900936186313629
0.5,0.4895039200782776
0.5,0.4875155985355377
0.5,0.4885941743850708
0.5,0.4861404299736023
0.5,0.4840237498283386
0.5,0.4884489178657532
0.5,0.49351975321769714
0.5,0.5053563117980957
0.5,0.5179626941680908
1.0,0.9999794960021973
1.0,0.9999880790710449
1.0,0.9999901056289673
1.0,0.9999902248382568
0.5,0.4897415041923523
0.5,0.49287140369415283
0.5,0.4952279031276703
0.5,0.4912789762020111
0.5,0.48691728711128235
0.5,0.4978816509246826
0.5,0.4950159788131714
0.5,0.4962082505226135
0.5,0.49573349952697754
0.5,0.49112749099731445
0.5,0.4922797381877899
0.5,0.4996858537197113
0.5,0.5096256136894226
0.5,0.5250904560089111
0.5,0.526207447052002
1.0,0.9999659061431885
1.0,0.9999810457229614
1.0,0.9999839067459106
1.0,0.9999845027923584
0.5,0.5130977034568787
0.5,0.4917972981929779
0.5,0.4961826503276825
0.5,0.49575355648994446
0.5,0.49492600560188293
0.5,0.5065203309059143
0.5,0.5030431151390076
0.5,0.505184531211853
0.5,0.5078005790710449
0.5,0.5022636651992798
0.5,0.49830493330955505
0.5,0.5072734951972961
0.5,0.5187548398971558
0.5,0.5363379716873169
0.5,0.5377587080001831
1.0,0.9999686479568481
1.0,0.999982476234436
1.0,0.9999847412109375
0.5,0.5552768707275391
0.5,0.49734264612197876
0.5,0.4947873055934906
0.5,0.4966059923171997
0.5,0.4931910037994385
0.5,0.4928008019924164
0.5,0.5030688047409058
0.5,0.50080406665802
0.5,0.5027146339416504
0.5,0.5037129521369934
0.5,0.49735403060913086
0.5,0.49691447615623474
0.5,0.5067322850227356
0.5,0.5169603228569031
0.5,0.5336686372756958
0.5,0.5369349718093872
1.0,0.9999758005142212
1.0,0.9999862909317017
1.0,0.9999890327453613
1.0,0.9999876022338867
0.5,0.5001236200332642
0.5,0.49136507511138916
0.5,0.4953050911426544
0.5,0.49512630701065063
0.5,0.49251845479011536
0.5,0.503496527671814
0.5,0.5007646679878235
0.5,0.5013278126716614
0.5,0.5032307505607605
0.5,0.49837926030158997
0.5,0.4944690465927124
0.5,0.5027660131454468
0.5,0.5142024755477905
0.5,0.5293766260147095
0.5,0.5319839715957642
1.0,0.9999803304672241
1.0,0.9999841451644897
1.0,0.9999855756759644
1.0,0.9999827146530151
0.5,0.4865785241127014
0.5,0.4899934232234955
0.5,0.49298158288002014
0.5,0.4897821247577667
0.5,0.48280569911003113
0.5,0.4898063540458679
0.5,0.49074026942253113
0.5,0.48845425248146057
0.5,0.4888989329338074
0.5,0.48667192459106445
0.5,0.4844490885734558
0.5,0.4885486960411072
0.5,0.4945785403251648
0.5,0.5048694610595703
0.5,0.5183618068695068
1.0,0.999982476234436
1.0,0.9999864101409912
1.0,0.999988317489624
1.0,0.9999864101409912
0.5,0.4936036765575409
0.5,0.4898635745048523
0.5,0.49322494864463806
0.5,0.4892311692237854
0.5,0.4824206531047821
0.5,0.49114134907722473
0.5,0.4904043674468994
0.5,0.48867905139923096
0.5,0.4883543848991394
0.5,0.4864695072174072
0.5,0.4848388433456421
0.5,0.49006178975105286
0.5,0.4960537254810333
0.5,0.5125051736831665
0.5,0.5190123319625854
1.0,0.9999817609786987
1.0,0.9999887943267822
1.0,0.9999904632568359
1.0,0.9999914169311523
0.5,0.4958762228488922
0.5,0.49150773882865906
0.5,0.49451977014541626
0.5,0.4915018677711487
0.5,0.4869125783443451
0.5,0.4971412420272827
0.5,0.4943222999572754
0.5,0.49491801857948303
0.5,0.4940858781337738
0.5,0.4895542562007904
0.5,0.4899095892906189
0.5,0.4965552091598511
0.5,0.5060566067695618
0.5,0.5230743885040283
0.5,0.5232576131820679
1.0,0.9999797344207764
1.0,0.9999881982803345
1.0,0.9999903440475464
1.0,0.9999903440475464
0.5,0.4902246296405792
0.5,0.49254629015922546
0.5,0.49518096446990967
0.5,0.4913180470466614
0.5,0.4869525134563446
0.5,0.4976823925971985
0.5,0.49494633078575134
0.5,0.4959244728088379
0.5,0.49540138244628906
0.5,0.49059584736824036
0.5,0.4914560914039612
0.5,0.49891772866249084
0.5,0.5088250041007996
0.5,0.5241674780845642
0.5,0.5255170464515686
1.0,0.9999814033508301
1.0,0.9999886751174927
1.0,0.9999904632568359
0.5,0.5864108204841614
0.5,0.4959010183811188
0.5,0.49376603960990906
0.5,0.49485769867897034
0.5,0.49024227261543274
0.5,0.48546892404556274
0.5,0.4962279200553894
0.5,0.4934767186641693
0.5,0.4943245053291321
0.5,0.4929828643798828
0.5,0.4892515242099762
0.5,0.49046435952186584
0.5,0.49755629897117615
0.5,0.5065274238586426
0.5,0.5233502984046936
0.5,0.523831307888031
1.0,0.999977707862854
1.0,0.9999810457229614
1.0,0.9999815225601196
1.0,0.9999771118164062
0.5,0.5040086507797241
0.5,0.48861995339393616
0.5,0.49233004450798035
0.5,0.48884496092796326
0.5,0.4808955192565918
0.5,0.4874444007873535
0.5,0.48924726247787476
0.5,0.4862304925918579
0.5,0.48678916692733765
0.5,0.4859924018383026
0.5,0.48183342814445496
0.5,0.4842163622379303
0.5,0.48734205961227417
0.5,0.4932723939418793
0.5,0.5113508105278015
1.0,0.9999598264694214
1.0,0.9999781847000122
1.0,0.9999805688858032
0.5,0.5228229761123657
0.5,0.48870036005973816
0.5,0.49379226565361023
0.5,0.4964095652103424
0.5,0.49335676431655884
0.5,0.4945598840713501
0.5,0.5039472579956055
0.5,0.501955509185791
0.5,0.5048417448997498
0.5,0.5063051581382751
0.5,0.49985507130622864
0.5,0.49930810928344727
0.5,0.50969398021698
0.5,0.5234726071357727
0.5,0.5389018654823303
0.5,0.5388504266738892
